obj_dude.int    ; Player script.                                # local_vars=5
Test0.int       ; Used to Test Scripts                          # local_vars=8
Test1.int       ; Used to Test Scripts                          # local_vars=8
Test2.int       ; Used to Test Scripts                          # local_vars=8
Test3.int       ; Used to Test Scripts                          # local_vars=8
Test4.int       ; Used to Test Scripts                          # local_vars=8
Test5.int       ; Used to Test Scripts                          # local_vars=8
ACWarior.int    ; Generic Warrior in Arroyo                     # local_vars=10
ACVillgr.int    ; Generic Villager of Arroyo                    # local_vars=10
tbbrch1.int     ; Map Script for Tibbets Breach                 # local_vars=0
tibbets.int     ; Generic Tibbets Map                           # local_vars=0
tbffcons.int    ; Tibbets Console for Red Energy Field          # local_vars=10
Door.int        ; generic locked and trapped door               # local_vars=8
Generic.int     ; Generic dialog for scripts                    # local_vars=10
tbvent.int      ; Tibbets cell block vent                        # local_vars=10
Containr.int    ; Generic locked and trapped container          # local_vars=10
ACBrahmn.int    ; Brahmin for pen in Arroyo                     # local_vars=5
ACSporPl.int    ; Spore plants in Arroyo                        # local_vars=10
ZClRat.int      ; Generic lesser rat                            # local_vars=5
ZClScorp.int    ; Generic lesser scorpion                       # local_vars=5
ZClManti.int    ; Generic lesser mantis                         # local_vars=5
ZClDthCL.int    ; Generic lesser death claw                     # local_vars=5
tbodytrl.int    ; ODYSSEUS trial                                # local_vars=10
tbprsn.int      ; Generic Tibbets prisoner                      # local_vars=10
tbfldwht.int    ; Generic Tibbets white energy field            # local_vars=10
DoorL100.int    ; Generic Locked Door (+100%) (Wood)            # local_vars=8
tbwcd.int       ; Welcoming Comittee Director                   # local_vars=10
tbcb13.int      ; Map Script for Tibbets Cell block 13           # local_vars=0
tbbot13.int     ; Tibbets Police Bot                            # local_vars=10
SprTrp0.int     ; Generic spear Trap (0)                        # local_vars=8
SprTrp50.int    ; Arroyo Spear Trap for Caves (50)              # local_vars=8
SprTrp51.int    ; Arroyo Spear Trap for Caves (50)              # local_vars=8
SprTrp52.int    ; Arroyo Spear Trap for Caves (50)              # local_vars=8
SprTrp53.int    ; Arroyo Spear Trap for Caves (50)              # local_vars=8
tbcole.int      ; General Coleridge in Tibbets                  # local_vars=10
brelev.int      ; Broken elevator                               # local_vars=10
tbbatt.int      ; Mysterious Soldier                            # local_vars=10
TBSRVC02.int    ; Service Level West                            # local_vars=0
TBSRVC03.int    ; Service Level East                            # local_vars=0
DCOrphan.int    ; Thieving Kid                                  # local_vars=11
usedcar.int    ; Special Encounter Chosen One                  # local_vars=0
tbbeh.int     ; Behemoth               # local_vars=10
ecant.int     ; Random encounter ant                           # local_vars=10
ecwasp.int     ; Giant Wasp or Cazador            # local_vars=10
eclurk.int    ; Mirelurk            # local_vars=10
ecsshark.int    ; Sand Shark                 # local_vars=10
ecyao.int    ; Yao Guai                     # local_vars=10
ecgcmut.int     ; Grand Canyon Mutants              # local_vars=10
ecglwgck.int      ; Anna the Ghost in the Den                     # local_vars=10
ecroach.int       ; Trader Vic in the Den                         # local_vars=12
ecargos.int    ; Frankie, owner of the Hole in the Den         # local_vars=12
ectbrobo.int    ; Rebecca in the Den                            # local_vars=12
ectbprsn.int     ; One-tooth Billy in the Den                    # local_vars=12
ecwolf.int    ; Sheila, the prostitute in the Den             # local_vars=10
echomeb.int       ; Mom, who run's Mom's in the Den               # local_vars=10
DCSlvRun.int    ; Generic People for Slave Runs                 # local_vars=10
DNSlvRun.int    ; Map Script for Den Slave Runs                 # local_vars=10
DISlvCrt.int    ; Slave Cart to take the Player to Den          # local_vars=10
tbsmack.int     ; Map Script for Den business area 1            # local_vars=10
holotape.int     ; Holodisk feeding machine            # local_vars=10
holotmch.int     ; Holodisk time machine           # local_vars=10
tbfeedmc.int    ; Grave of Anna the ghost in the Den            # local_vars=10
tbhairc.int    ; Grave of Anna the ghost's Dad in the Den      # local_vars=10
tbbarb.int    ; Grave of Anna the ghost's Mom in the Den      # local_vars=10
tbcroz.int     ; Bones of Anna the ghost in the Den            # local_vars=10
tbofficr.int     ; Diary of Anna the ghost in the Den            # local_vars=10
tbbart.int    ; Locket of Anna the ghost in the Den           # local_vars=10
tbmidget.int     ; Still that Maggie has in the Den              # local_vars=10
ziGenGrv.int    ; Generic grave script                          # local_vars=5
ziBlkJck.int    ; Generic black jack table                      # local_vars=3
zcSlave.int     ; Generic slave                                 # local_vars=6
dcBlkJck.int    ; Den black jack table from Maggie's place      # local_vars=4
ecplanr.int    ; Church door from the Den                      # local_vars=10
tbvltboy.int       ; Whiskey Bob from Klamath                      # local_vars=15
dcCraps.int     ; Maggie Craps dealer in the den                # local_vars=43
zimtllck.int      ; Aldo from Klamath                             # local_vars=11
tbrope1.int     ; Ardin from Klamath                            # local_vars=15
TBChild.int     ; Child in Tibbets                              # local_vars=15
tbrope2.int    ; Citizen of Klamath                            # local_vars=10
tbrope3.int     ; Maida Buckner from Klamath                    # local_vars=21
tbrope4.int     ; Sajag from Klamath                            # local_vars=15
tbsyd.int     ; Big Nose Sally from Klamath                   # local_vars=13
tbsmug.int    ; Smiley from Klamath                           # local_vars=18
tbwcdd.int     ; Jenny from Klamath                            # local_vars=13
tbturb.int      ; Slim from Klamath                             # local_vars=15
zboxbag.int      ; Torr the Shepard from Klamath                 # local_vars=20
tbcbgen.int    ; Dunton Brothers from Klamath                  # local_vars=0
tbgasbot.int    ; Vault City Courtyard Citizen                  # local_vars=10
tbmovbot.int    ; Vault City Courtyard Outsider                 # local_vars=10
tbdebris.int    ; Vault City Courtyard Guard                    # local_vars=10
tbdestr.int     ; Vault City Inner Guard                        # local_vars=10
tbturbdr.int     ; Steve from Vault City                         # local_vars=11
secarib.int      ; Andy the Medic in the Central Vault City      # local_vars=0
ecradspi.int    ; Vault City Main Gate Guard                    # local_vars=12
carib.int    ; Vault City Dr. Troy in the Vault              # local_vars=15
secrbcav.int    ; Yellow Dog in Klamath                         # local_vars=10
tbrepbot.int    ; Balthas in Modoc                              # local_vars=10
tbeyebot.int    ; Cornelius in Modoc                            # local_vars=13
tbfollow.int     ; Davin in Modoc                                # local_vars=13
tbfollo2.int    ; Farrel in Modoc                               # local_vars=10
v8ext.int    ; Grisham in Modoc                              # local_vars=0
tbcomm.int        ; Jo in Modoc                                   # local_vars=15
tbcorp.int     ; Jonny in Modoc                                # local_vars=14
tbfrank.int      ; Karl in Modoc                                 # local_vars=15
tbdog.int    ; Laddie in Modoc                               # local_vars=15
tbvdwell.int     ; Miria in Modoc                                # local_vars=15
tbv8door.int    ; Protector in Modoc                            # local_vars=15
tbv8comp.int      ; Rose in Modoc                                 # local_vars=13
tbv8wall.int    ; Vegeir in Modoc                               # local_vars=11
vault8.int        ; Ed the Brahma dealer in Vault City            # local_vars=0
tbv8dri.int     ; Happy Harry the store keep in Vault City      # local_vars=10
tbv8cpi.int    ; Mrs. Smith from Vault City (Farmer)           # local_vars=10
tbv8dric.int    ; Town Greeter Melinda, Vault City              # local_vars=15
tbeyebrk.int     ; Generic Trapper in trapper town (Klamath)     # local_vars=15
tbv8gen.int    ; Mr. Smith from Vault City (Farmer)            # local_vars=12
tbv8life.int    ; Skeeve, sells fake passes to Vault City       # local_vars=12
tbv8radi.int      ; Proconsul Gregory of Vault City               # local_vars=12
tbv8comm.int     ; Nurse PHYLLIS!!! in Vault City                # local_vars=12
tbv8mstr.int    ; Chief Admenities Officer of Vault City        # local_vars=12
goo.int       ; Toxic Goo in the rat caves (Klamath)          # local_vars=10
v8dandy.int    ; Barkus, Vault City Service Coordinator        # local_vars=14
tbv8eml.int    ; Generic Villager around Vault City            # local_vars=12
tbv8lib.int     ; Vault City Sargent Stark                      # local_vars=13
tbv8sec.int    ; Guard for entrance into the Vault of VC       # local_vars=12
tbv8opr.int    ; Crazy Old Joe (Vault City)                    # local_vars=12
tbv8liv.int    ; Connar from Vault City                        # local_vars=12
tbv8meet.int    ; Wallace the Customs Official (Vault City)     # local_vars=13
v8hurst.int    ; First Citizen Lynette of Vault City           # local_vars=20
v8orrin.int    ; Senior Council Member MCclure (Vault City)    # local_vars=13
tbv8room.int     ; Intelligent rat in Gecko                      # local_vars=18
tbv8sto.int    ; Festering ghoul in Gecko                      # local_vars=12
tbv8core.int    ; Ghoul with economic data in Gecko             # local_vars=16
valtdoor.int      ; Ghoul that monitors the reactor in Gecko      # local_vars=16
valtdrlk.int     ; Ghoul in charge of supply cabinet in Gecko    # local_vars=12
tbv8smk.int     ; Watches the Brahmin and helps Skeeter         # local_vars=12
blckjack.int    ; Gadgeteer in Gecko                            # local_vars=0
pip2000.int     ; Muscle man for the Brain                      # local_vars=11
tbfldrds.int      ; Bar owner and Tragic player                   # local_vars=19
cocar.int     ; Stuttering ghoul that can join party          # local_vars=20
runsfx.int     ; Reactor Desk guard                            # local_vars=0
hangdman.int    ; Reactor worker                                # local_vars=12
tbgamma.int     ; Reactor glowing one                           # local_vars=10
tbmed.int    ; Reactor guard                                 # local_vars=10
v8thief.int    ; Reactor robot                                 # local_vars=10
elfence.int      ; Townsfolk in Gecko                            # local_vars=10
papers.int     ; Map script for Sierra Army Depot, Level 1     # local_vars=10
tbtram.int     ; Map script for Sierra Army Depot Undergound   # local_vars=10
tbv8apu.int     ; Map script for Sierra. Underground B          # local_vars=10
sejacob.int    ; Sierra Base, Security Robot (generic)         # local_vars=14
tbsimtek.int    ; Sierra Base, Repair Robot (generic)           # local_vars=14
ztread.int    ; Sierra Base, Evacution Holodisk               # local_vars=10
zstep.int    ; Sierra Base, Medical Log 1 Holodisk           # local_vars=10
zbench.int    ; Sierra Base, Experiment Log Holodisk          # local_vars=10
zsepshwr.int    ; Security Computer, Level 1 -- Sierra Base     # local_vars=10
tbbotwall.int    ; Security Systems, Level 1 -- Sierra Base      # local_vars=10
tbretscn.int    ; Security Computer, Level 2 -- Sierra Base     # local_vars=10
tbrets13.int    ; Security Systems, Level 2 -- Sierra Base      # local_vars=20
tbrets16.int    ; Auto Repair System, Level 2 -- Sierra Base    # local_vars=10
tbrets19.int    ; Security Computer, Level 3 -- Sierra Base     # local_vars=10
tbrets22.int    ; Skynet Terminal, Level 3 -- Sierra Base       # local_vars=10
tbrets25.int    ; Robobrain Activator, Level 3 -- Sierra Base   # local_vars=10
tbrets28.int    ; Security Computer, Level 4 -- Sierra Base     # local_vars=10
tbretser.int    ; Organ Extractor, Level 4 -- Sierra Base       # local_vars=10
tbretssl.int    ; BioStorage Computer, Level 4 -- Sierra Base   # local_vars=10
tbretsir.int    ; Piece of paper with the password on it        # local_vars=10
tbretsmd.int     ; Private Dobbs, Sierra Army Depot              # local_vars=15
tbretswd.int    ; Brain Bot in the Army Depot                   # local_vars=15
ZSElev01.int    ; Generic Elevator                              # local_vars=10
ZSElev02.int    ; Generic Elevator                              # local_vars=10
tbretssv.int    ; Tubby's box of inventory                      # local_vars=10
tbcrebot.int    ; Flick's box of inventory                      # local_vars=10
tbsat.int     ; Tandi the talking head NCR1                   # local_vars=15
ATSrTrp0.int    ; Arroyo Spear Trap for Caves (50)              # local_vars=8
ATSrTrp1.int    ; Arroyo Spear Trap for Caves (50)              # local_vars=8
ATSrTrp2.int    ; Arroyo Spear Trap for Caves (50)              # local_vars=8
ATSrTrp3.int    ; Arroyo Spear Trap for Caves (50)              # local_vars=8
ATSrTrp4.int    ; Arroyo Spear Trap for Caves (50)              # local_vars=8
ATSrTrp5.int    ; Arroyo Spear Trap for Caves (50)              # local_vars=8
ATSrTrp6.int    ; Arroyo Spear Trap for Caves (50)              # local_vars=8
ATSrTrp7.int    ; Arroyo Spear Trap for Caves (50)              # local_vars=8
ATSrTrp8.int    ; Arroyo Spear Trap for Caves (50)              # local_vars=8
ATSrTrp9.int    ; Arroyo Spear Trap for Caves (50)              # local_vars=8
ATSrTrpA.int    ; Arroyo Spear Trap for Caves (50)              # local_vars=8
ATSrTrpB.int    ; Arroyo Spear Trap for Caves (50)              # local_vars=8
ATSrTrpC.int    ; Arroyo Spear Trap for Caves (50)              # local_vars=8
ATSrTrpD.int    ; Arroyo Spear Trap for Caves (50)              # local_vars=8
ATSrTrpE.int    ; Arroyo Spear Trap for Caves (50)              # local_vars=8
ATSrTrpF.int    ; Arroyo Spear Trap for Caves (50)              # local_vars=8
TBCREAC.int     ; Modoc Ghost Cave 1                            # local_vars=10
sescully.int     ; Modoc Ghost Cave 2                            # local_vars=10
v13dwell.int     ; Modoc Ghost Farm                              # local_vars=10
v13elev.int     ; Modoc Brahmin Field                           # local_vars=10
v13albrt.int     ; Modoc Garden                                  # local_vars=10
petgrave.int      ; Modoc Inn                                     # local_vars=10
milky.int     ; Modoc Main                                    # local_vars=10
sethundr.int     ; Modoc Under the Shitter                       # local_vars=0
gencave.int     ; Modoc Under the Well                          # local_vars=0
ectbchld.int        ; NCR area 2                                    # local_vars=10
hydra.int    ; Arroyo Gardens map script                     # local_vars=10
aibkdor.int     ; generic Gecko creature                        # local_vars=5
blowup.int      ; Arroyo Broc Flower                            # local_vars=10
tmpldoor.int    ; Arroyo Xander Root                            # local_vars=10
ZCBrahmn.int    ; Generic Brahmin                               # local_vars=10
hydrau.int    ; Modoc Balthas wife                            # local_vars=10
sulik.int    ; Modoc brahmin                                 # local_vars=10
gendesc.int    ; Modoc Attack Dog                              # local_vars=10
tmplwood.int    ; Modoc Rocks in front of the death claw cage   # local_vars=10
tmplchas.int    ; Modoc Rocks under the shitter                 # local_vars=10
tmplrope.int    ; Modoc Farrel's wall safe                      # local_vars=10
tmplblck.int    ; Modoc Coin bags at the bottom of the well     # local_vars=10
tbfucker.int    ; Modoc Toliet                                  # local_vars=10
tbgran.int    ; Modoc Lost and Found at Rose's                # local_vars=10
tbabelck.int    ; Jordan. Trains player in Melee                # local_vars=10
tbabe.int    ; Aunt Morlis. Has flint to give player         # local_vars=10
tbmauric.int      ; Standing Fist. Trains player in Unarmed       # local_vars=10
tbsonia.int      ; Whiny person asking to fix the well           # local_vars=10
tbpradct.int      ; Arroyo Well. It's broken. Fix w/ Repair       # local_vars=10
tbtalbo.int    ; Vault 13 Gurthar the Deathclaw leader         # local_vars=10
tbsalem.int    ; Map Script for Klamath Downtown               # local_vars=10
tbrake.int    ; Skeeter Script for NCR entrance area          # local_vars=10
tbraincl.int     ; You cousin who has lost his dog               # local_vars=10
tbrice.int       ; Nagor's dog Smoke                             # local_vars=10
tbeugene.int        ; map script for Ncr 1                          # local_vars=10
tbmgkman.int        ; map script for Ncr 3                          # local_vars=10
tbmgkwmn.int        ; map script for Ncr 4                          # local_vars=10
tbmagik.int      ; map script for Ncr Entrance                   # local_vars=20
tbfess.int     ; Mikey the Lizard Dealer in NCR entrance       # local_vars=10
tbreena.int      ; Mikey's inventory box, off screen             # local_vars=10
tbangela.int    ; Emitter, Level 1, Section A   (Sierra Base)   # local_vars=10
tbrobb.int    ; Emitter, Level 1, Section B   (Sierra Base)   # local_vars=20
tbeando.int    ; Emitter, Level 1, Section C   (Sierra Base)   # local_vars=10
tbearley.int    ; Emitter, Level 1, Section D   (Sierra Base)   # local_vars=10
tblowell.int    ; Emitter, Level 1, Section E   (Sierra Base)   # local_vars=10
tbsol.int    ; Emitter, Level 2, Section A   (Sierra Base)   # local_vars=10
tbsally.int    ; Emitter, Level 2, Section B   (Sierra Base)   # local_vars=10
tblucky.int    ; Emitter, Level 2, Section C   (Sierra Base)   # local_vars=10
tbzeph.int    ; Emitter, Level 2, Section D   (Sierra Base)   # local_vars=10
tbdanika.int    ; Emitter, Level 3, Section A   (Sierra Base)   # local_vars=10
tbadoc.int    ; Emitter, Level 3, Section B   (Sierra Base)   # local_vars=10
tbfldred.int    ; Tibbets Red Force Field of Instant Death      # local_vars=10
tbgabrie.int    ; F. Field, Level 1, Section B   (Sierra Base)  # local_vars=10
tbrobrta.int    ; F. Field, Level 1, Section C   (Sierra Base)  # local_vars=10
tbaldo.int    ; F. Field, Level 1, Section D   (Sierra Base)  # local_vars=11
tbsandy.int    ; F. Field, Level 1, Section E   (Sierra Base)  # local_vars=10
tbstu.int    ; F. Field, Level 2, Section A   (Sierra Base)  # local_vars=10
tbwrox.int    ; F. Field, Level 2, Section B   (Sierra Base)  # local_vars=10
tbfergie.int    ; F. Field, Level 2, Section C   (Sierra Base)  # local_vars=15
tbslappy.int    ; F. Field, Level 2, Section D   (Sierra Base)  # local_vars=20
tbhocus.int    ; F. Field, Level 3, Section A   (Sierra Base)  # local_vars=10
tbgail.int    ; F. Field, Level 3, Section B   (Sierra Base)  # local_vars=10
WSKlaxon.int    ; Changes lights to Flashing w/ Sierra on Alert # local_vars=3
tbtaz.int    ; Buster the gun dealer at the entrance to NCR  # local_vars=14
tbseb.int    ; One of Buster's inventory shelves             # local_vars=10
tbsonnyb.int    ; One of Buster's inventory shelves             # local_vars=20
tbsonnyr.int    ; One of Buster's inventory shelves             # local_vars=20
ECRaider.int    ; Random Encounter Raider                       # local_vars=5
ECPeasnt.int    ; Random Encounter Peasant                      # local_vars=5
ECMrchnt.int    ; Random Encounter Merchant                     # local_vars=5
ECGuard.int     ; Random Encounter Gaurd                        # local_vars=5
tbwiggie.int    ; Rawhide patron in NCR Entrance                # local_vars=10
tbdavide.int    ; Electric Floor on Level 2 Sierra Base         # local_vars=10
tbnora.int    ; Plasma Trap for Sierra Base(-30)              # local_vars=10
tbsiren.int    ; Plasma Trap for Sierra Base(-30)              # local_vars=10
tbdrexle.int    ; Power Switch for the Sierra Base              # local_vars=10
tblinder.int    ; Klamath bulletin Board                        # local_vars=10
tbmartin.int     ; Arroyo Corral Gate                            # local_vars=10
postman.int       ; Goo in the Garden Map                         # local_vars=0
eckiller.int    ; Door in Klamath Rat Caves                     # local_vars=10
ectrapma.int    ; Door in Klamall..get key from Slim or Dog     # local_vars=10
ZCGecko.int     ; Generic gecko                                 # local_vars=5
ZCLGecko.int    ; Generic Golden Gecko                          # local_vars=5
ectrapbr.int       ; 2nd Street Map Script                         # local_vars=10
ectraprt.int    ; Chop Shop Map Script                          # local_vars=10
ectrapro.int    ; Gecko Power Plant Map Script                  # local_vars=10
ectraprs.int    ; Gecko Tunnels Map Script                      # local_vars=10
ecdrunk.int     ; Klamath Canyon Map Script                     # local_vars=10
radsnest.int     ; Military Base Level 1,2 Map Script            # local_vars=10
secrarat.int     ; Military Base Level 3,4 Map Script            # local_vars=10
secrmap.int     ; Military Base Closed Map Script               # local_vars=0
tbtobi.int     ; Map Script for Modoc Shitter                  # local_vars=10
tbsherif.int        ; Map Script for NCR1                           # local_vars=10
tbbrkflr.int        ; Map Script for NCR2                           # local_vars=10
tbofcr.int        ; Map Script for NCR3                           # local_vars=10
tbpretty.int        ; Map Script for NCR4                           # local_vars=10
tbdoc.int       ; Map Script for NCR Exit                       # local_vars=10
setentc.int      ; Map Script for Stables                        # local_vars=0
sepetcem.int    ; Map Script for Original Vault 13              # local_vars=0
selamp.int      ; Map Script for Vault 13 Entrance              # local_vars=0
maxbent.int    ; Map Script for Original Vault 15              # local_vars=0
maxbcpi.int      ; Map Script for Vault 15 Entrance              # local_vars=10
maxbturr.int     ; Map Script for Vault 13                       # local_vars=10
tbscell.int     ; Map Script for Vault 15                       # local_vars=10
tbreddr.int    ; Map Script for Necropolis Vault               # local_vars=10
tbbluedr.int     ; Map Script for Vault City Vault               # local_vars=10
tbbbrd.int      ; Map Script for Virgin (these still exist?)    # local_vars=10
kstill.int      ; Script for the still in Klamath               # local_vars=10
zcandy.int    ; Script for Klamath golden gecko customers     # local_vars=8
zraman.int    ; Script for Klamath buckner house customers    # local_vars=10
maxbcosc.int    ; Script for Vortis in NCR Entrance             # local_vars=10
maxbcosh.int     ; Script for Klamath bath girl                  # local_vars=0
mbgate.int    ; Script for the Slaves in NCR Entrance         # local_vars=10
mbgate2.int     ; Script for Klamath scorpions on graze map     # local_vars=10
maxbunkr.int    ; Script for Klamath brahmin on graze map       # local_vars=6
zvehicle.int    ; Drivable Car for the player                   # local_vars=3
mbknight.int    ; Den, table that Vic works at                  # local_vars=10
mbknighs.int     ; Map Script for Klamath graze map              # local_vars=10
CarDesrt.int    ; Car Out of Gas Desert Map                     # local_vars=0
mbpalad.int    ; Map Script for Gecko Settlememt               # local_vars=10
mbguard.int    ; Map Script for Vault City Courtyard           # local_vars=10
mbdocasi.int    ; Klamath broken car with fuel injection        # local_vars=10
mbsarah.int    ; Klamath Toxic Caves  Map Script               # local_vars=10
mbdeadpa.int    ; Slave pen door for NCR Entrance               # local_vars=8
RndDsrt.int     ; Random Encounter Desert Map Script            # local_vars=0
RndCoast.int    ; Random Encounter Coast Map Script             # local_vars=0
RndMnt.int      ; Random Encounter Mountain Map Script          # local_vars=0
mbed.int      ; Klamath dunton inventory box                  # local_vars=10
mbbrkfrk.int      ; Klamath buckner inventory box                 # local_vars=8
mbbrkvnt.int      ; Klamath sajag inventory box                   # local_vars=8
ecendles.int     ; Ratch junk dealer in NCR Entrance             # local_vars=10
holobos.int     ; New Reno Generic Boxer                        # local_vars=10
mbdoctrm.int    ; New Reno Mike McKneely                        # local_vars=10
mbjean.int    ; New Reno Evan Hollyfeld                       # local_vars=10
mbdevon.int     ; New Reno Mike Tyson                           # local_vars=10
mbreggie.int    ; New Reno Generic Scientist                    # local_vars=10
mbjerry.int      ; NCR guy named Merk kind of the Moffia         # local_vars=10
hdBoxFan.int    ; New Reno Boxing Fan                           # local_vars=1
ncDrgDlr.int    ; New Reno Drug Dealer                          # local_vars=5
hdCasPat.int    ; New Reno Casino Patron                        # local_vars=3
ncPimp.int      ; New Reno Generic Pimp                         # local_vars=1
ncJunkie.int    ; New Reno Generic Junkie                       # local_vars=2
Stuff.int       ; signals critters on steal attempt by dude     # local_vars=10
Trespass.int    ; same as stuff only for an area                # local_vars=10
mbtraci.int     ; Spatial telling the player about Nagor dead   # local_vars=10
mbtribal.int    ; Fake vault13 holo disk you get from Merk: NCR # local_vars=10
tcrad.int     ; Lenny in NCR Entrance area                    # local_vars=10
abyssext.int     ; Temporary box for the players crap.           # local_vars=0
hdProsti.int    ; New Reno Prostitute with billions of messages # local_vars=2
fa.int     ; New Reno Slaves                               # local_vars=0
mblvltur.int      ; New Reno Rico, Monte's thug                   # local_vars=10
ncActres.int    ; New Reno Porn Actress                         # local_vars=1
ncFluffe.int    ; New Reno Porn Fluffer/Extra                   # local_vars=1
mbpwrtrm.int    ; Map Script for Klamath Canyon                 # local_vars=10
mbturr.int    ; Military Base Wolf Pack                       # local_vars=10
mbbrkdat.int    ; Military Base Power Generator                 # local_vars=10
mbbrkcmp.int     ; Military Base Locked Door (-30)               # local_vars=10
mbbrkwtr.int    ; Military Base Generic Mutant                  # local_vars=10
mbglenn.int    ; New Reno Salvatore's Men                      # local_vars=10
mbpalas.int    ; New Reno Bishop's Men                         # local_vars=10
holombhs.int    ; New Reno Mordino's Men                        # local_vars=6
holombtn.int    ; New Reno Wright's Sons & Daughters            # local_vars=6
hd3sgrd.int    ; New Reno Generic Casino Bouncer               # local_vars=10
mbarmdr.int      ; Ncr Entrance bartender                        # local_vars=10
mbscribe.int       ; New Reno Map Virgin Street                    # local_vars=10
mbbrigdr.int       ; New Reno Map 2nd Street                       # local_vars=10
mbandrea.int       ; New Reno Map Commercial Row                   # local_vars=20
lamp.int       ; New Reno Map East Side                        # local_vars=10
rerad.int      ; New Reno Map Stables                          # local_vars=10
recrazy.int      ; New Reno Map Chop Shop                        # local_vars=10
reghoul.int      ; New Reno Map Gologtha                         # local_vars=10
reslaver.int      ; New Reno Map Bishop Basement                  # local_vars=10
rejill.int    ; Military Base Holodisk (Outside)              # local_vars=10
regguard.int    ; Military Base Holodisk (Level 1)              # local_vars=10
fapaula.int    ; Military Base Holodisk (Level 2)              # local_vars=10
faziggy.int    ; Military Base Holodisk (Level 3)              # local_vars=10
gcchadtc.int    ; Military Base Holodisk (Level 4)              # local_vars=10
falegion.int    ; NCR Gate Guard                                # local_vars=10
famongre.int    ; Military Base Mine Cart to explode on door    # local_vars=10
fac10.int    ; Melchoir the Magnificent (psuedo-mage)        # local_vars=10
ECMutRat.int    ; Mutated Rats in Military Base                 # local_vars=5
ETGoo.int       ; FEV Goo in the Military Base                  # local_vars=10
faclcs.int     ; Gate Guard Captain in NCR Entrance            # local_vars=9
genext.int    ; Slave overseer in NCR Entrance                # local_vars=0
genextca.int    ; Melchior's Pets                               # local_vars=0
faagatha.int    ; Slave guards                                  # local_vars=10
fakiru.int    ; Closing wood door                             # local_vars=10
fascorp.int      ; NCR Entrance terminals in the slave pen       # local_vars=5
ziSlots.int     ; Generic Slot Machine                          # local_vars=6
fajerome.int    ; New Wright children                           # local_vars=8
fachild.int      ; New Reno Sheb                                 # local_vars=10
fapeaon.int    ; Merk's Guards NCR Entrance                    # local_vars=10
fadead.int      ; Emitter for the front gate NCR Entrace        # local_vars=5
fadeada.int    ; Force field in NCR Entrace                    # local_vars=5
mblib.int     ; Sulik from Klamath                            # local_vars=10
sekazuma.int     ; Dr. Henry NCR 1                               # local_vars=10
pulowski.int    ; Carlson's guard NCR2                          # local_vars=0
pvthandy.int    ; Spatial script for carlson's guards           # local_vars=10
netherlm.int    ; Carlson's gate guard                          # local_vars=0
holoencl.int    ; Vault City Outsider Prisoner (Generic)        # local_vars=8
mbjon.int    ; Vault City Citizen Prisoner (Generic)         # local_vars=10
mbtamara.int    ; Vault City Generic Family                     # local_vars=10
vcbeaut.int     ; Vault City Amenities Aid                      # local_vars=8
reklik.int     ; Gecko Reactor Desk Guard                      # local_vars=10
rehorati.int    ; Gecko Reactor Ghoul Worker                    # local_vars=10
rehank.int     ; Gecko Glowing One                             # local_vars=10
rebetty.int    ; Gecko Red Door Guard                          # local_vars=10
mbdavis.int     ; Gecko Reactor Robot                           # local_vars=10
rescvpkr.int      ; Gecko Townsfolk                               # local_vars=10
farope.int    ; Gecko Worshippers                             # local_vars=8
faydoor.int    ; Harold in Gecko                               # local_vars=9
fardoor.int    ; Gecko Powered Armor Com Officer               # local_vars=9
rewell.int      ; Toto helper bot in NCR 1                      # local_vars=8
mbcs.int    ; Dorothy Repair chick in NCR 1                 # local_vars=10
mbbrkpa.int    ; New Reno Generic Townsperson/Citizen          # local_vars=10
mbstordr.int    ; Gecko Yellow Door Guard                       # local_vars=10
mblibdr.int     ; Gecko Generic Guard                           # local_vars=10
maxbdoor.int      ; Ranger guard, NCR1                            # local_vars=10
mbklaxon.int     ; Stockman's yard owner NCR 1                   # local_vars=10
pancho.int      ; Stockman's table                              # local_vars=10
mbcost.int    ; Salt Beef bob NCR 3                           # local_vars=9
ziDceGrl.int    ; Generic Casino Girl with Dice Game            # local_vars=6
niDceGrl.int    ; New Reno Casino Girl with Dice Game           # local_vars=9
zi8Ball.int     ; EPA Magic 8 Ball                              # local_vars=10
mbcospa.int    ; New Reno Angry Brahmin                        # local_vars=10
mbpipes.int    ; New Reno McGee's Slot Machine                 # local_vars=10
weedling.int    ; Weedling                        # local_vars=10
hallowen.int    ; New Reno Three Card Monte                     # local_vars=1
mbotto.int    ; New Reno Algernon                               # local_vars=10
mbhind.int      ; New Reno Bill (Trees Lounge)                  # local_vars=10
hdncrhqg.int    ; New Reno Bishop's Bodyguards                  # local_vars=10
hideme.int    ; New Reno John Bishop                          # local_vars=12
niCasMac.int    ; New Reno Casino Machine                       # local_vars=10
hostile.int    ; New Reno Chop Shop Boys                       # local_vars=10
resubl13.int    ; New Reno Chris Wright                         # local_vars=5
genintfl.int      ; New Reno Cody                                 # local_vars=0
remeasle.int    ; New Reno Corsican Bothers                     # local_vars=10
ecnitecr.int    ; New Reno Eldridge                             # local_vars=10
hdmark.int    ; New Reno Ethyl Wright                         # local_vars=12
hdmajor.int    ; New Reno Father Tully                         # local_vars=10
hdggrd.int    ; New Reno HumperdumperDIDO                     # local_vars=10
hdncrtrp.int    ; New Reno Lil' Jesus Mordino                   # local_vars=10
hdncrtrw.int    ; New Reno Jagged Jimmy J                       # local_vars=10
hdturret.int    ; New Reno Keith Wright                         # local_vars=10
hdcop.int    ; New Reno Lee Anne Bishop                      # local_vars=10
hdwrk.int     ; New Reno Pretty Boy Lloyd                     # local_vars=10
hdbarfly.int     ; New Reno Mason                                # local_vars=10
hdscribe.int    ; New Reno Myron's Guards                       # local_vars=10
hdcit.int     ; New Reno Myron (Talking Head)                 # local_vars=12
hdchild.int     ; New Reno Darlin' Nikki                        # local_vars=10
hddorris.int    ; New Reno Orville Wright                       # local_vars=10
hdcandic.int    ; New Reno Generic Pit Boss                     # local_vars=10
hddodge.int    ; New Reno Renesco the Rocket-Man               # local_vars=20
scrpheap.int    ; New Reno Stables Researcher                   # local_vars=30
tbrock.int    ; New Reno Boss Salvatore                       # local_vars=10
tblex.int    ; New Reno Stuart Little (Agent)                # local_vars=10
tbphrax.int      ; New Reno T-Ray                                # local_vars=10
democomp.int     ; New Reno Corsican Brothers Bitches            # local_vars=3
tbscoutc.int    ; New Reno Wright Children Playing              # local_vars=1
tbscoutf.int       ; NCR police officer                            # local_vars=1
demophil.int    ; NCR 1 captive in cell                         # local_vars=10
tblenny.int     ; NCR 1 bartender Dusty                         # local_vars=10
demodoor.int     ; New Reno Jules                                # local_vars=7
demogen.int     ; New Reno Miss Kitty                           # local_vars=9
demopeas.int    ; New Reno Bartender                            # local_vars=10
demodog.int      ; Karl NCR Deputy                               # local_vars=10
tbpez.int     ; Karl's guard door                             # local_vars=10
skizzer.int    ; New Reno Big Jesus Mordino                    # local_vars=10
tbshlite.int      ; Hoss, bully in NCR 1 map                      # local_vars=10
democryp.int    ; Mutagen Serium you get from the crazy doctor  # local_vars=10
demofool.int    ; New Reno Salvatore Bartender Shop Inventory   # local_vars=10
tbskippy.int    ; New Reno Mordino Bartender Shop Inventory     # local_vars=10
tbbaka.int    ; New Reno Bishop Bartender Shop Inventory      # local_vars=10
tbrayze.int    ; New Reno Personal Inventory Swap Box          # local_vars=10
hdsklkid.int    ; Doctor Jubilee NCR Map1                       # local_vars=10
hdgatenr.int     ; Yellow Door in Gecko Reactor                  # local_vars=0
hdralph.int     ; Red Door in Gecko Reactor                     # local_vars=10
hdjaildr.int    ; Doctors shelf in NCR 1                        # local_vars=10
hdjailex.int    ; Sheriff of NCR on Map 1                       # local_vars=9
hdpierre.int     ; Rangers leader chick                          # local_vars=11
hdengcmp.int    ; Westin Ranch Hands                            # local_vars=8
holocos.int     ; Felix Westin's forman                         # local_vars=9
ecblkjck.int    ; Westin big dude in NCR on NCR 3               # local_vars=10
ecakeish.int     ; Rondo Ranger NCR 1                            # local_vars=10
ecdaniel.int      ; Robodog NCR 1                                 # local_vars=10
ecchagas.int    ; New Reno Bishop's stairs                      # local_vars=10
ecmallet.int       ; Hal Drive Leader                              # local_vars=10
ecginger.int    ; Gunther Tandi's assistant, NCR 2              # local_vars=10
ECCrtBra.int    ; Random Encounter Brahmin for carts            # local_vars=4
ECCvnMst.int    ; Random Encounter Caravan Master               # local_vars=8
ECCvnDrv.int    ; Random Encounter Caravan Driver               # local_vars=8
ECCvnGrd.int    ; Random Encounter Caravan Guard                # local_vars=8
tbwasteb.int    ; Random Encounter Raider Leader                # local_vars=10
ECMobstr.int    ; Random Encounter Mobster (Outside New Reno)   # local_vars=8
ECHntLdr.int    ; Random Encoutner Hunting Party Leader         # local_vars=8
ECHunter.int    ; Random Encounter Hunting Party                # local_vars=8
ECRanger.int    ; Random Encounter NCR Rangers (Patrol)         # local_vars=8
ECMercs.int     ; Random Encounter Mercenaries                  # local_vars=6
ECMrcLdr.int    ; Random Encounter Mercenary Leader             # local_vars=8
ECRadGrp.int    ; Random Encounter Raider Party                 # local_vars=6
ECRndDrv.int    ; Random Encounter Other Caravan Driver         # local_vars=8
ECRndGrd.int    ; Random Encounter Other Caravan Guard          # local_vars=8
ECNCRPat.int    ; Random Encounter Vault City Patrols           # local_vars=8
ECNCRCpt.int    ; Random Encounter Vault City Patrol Capt.      # local_vars=8
ECFarmer.int    ; Random Encounter Farmer                       # local_vars=8
ECBraHrd.int    ; Random Encounter Brahmin Herd                 # local_vars=3
ECLedBra.int    ; Random Encounter Lead Brahmin                 # local_vars=3
setntclt.int     ; Random Encounter Traveler                     # local_vars=0
ECGhlPat.int    ; Random Encounter Ghoul Patrol                 # local_vars=6
ECGhlCpt.int    ; Random Encounter Ghoul Patrol Capt.           # local_vars=8
ECMutPat.int    ; Random Encounter Mutant Patrol                # local_vars=6
ECMutCpt.int    ; Random Encounter Mutant Patrol Capt.          # local_vars=8
ECBraDrv.int    ; Random Encounter Brahmin Driver               # local_vars=8
ECBraRst.int    ; Random Encounter Brahmin Rustler              # local_vars=8
ECSquatr.int    ; Random Encounter Squatters                    # local_vars=8
ECAbolst.int    ; Random Encounter Abolitionist                 # local_vars=8
ECMonShn.int    ; Random Encounter Moonshine Runner             # local_vars=8
ECRogMut.int    ; Random Encounter Rogue Super Mutants          # local_vars=8
ECFshrmn.int    ; Random Encounter Fisherman                    # local_vars=8
ECSlaver.int    ; Random Encounter Slaver                       # local_vars=8
ECTrappr.int    ; Random Encounter Trapper                      # local_vars=10
tbwbgen.int    ; Carlson's kid                                 # local_vars=10
tbbrain.int    ; Carlson                                       # local_vars=10
Animfrvr.int    ; Animate forever                               # local_vars=0
vccpi.int    ; Officer Jack NCR 1                            # local_vars=9
vcdri.int    ; Enlightend One NCR 1                          # local_vars=10
vcless.int      ; Den Auto Closing Door                         # local_vars=10
vccomp.int      ; Gecko robot control terminal                  # local_vars=13
odycore.int    ; NCR Map 4 Brahmin yeah.                       # local_vars=0
gcpierce.int    ; NCR Map 4 Death Claw's                        # local_vars=10
gcbatt.int      ; NCR Map 4 exit grid control                   # local_vars=10
tbsvdelv.int      ; NCR Map 1 the computer that blows up          # local_vars=4
echagsnk.int    ; NCR Map 2 Fergus... Receptionist              # local_vars=10
tbodyss.int     ; Vault13 Ariel character                       # local_vars=10
ny.int    ; Fannie Mae the hooker in Redding              # local_vars=0
tbffody1.int    ; Computer in Vault 13                          # local_vars=4
tbffody2.int     ; Dalia in Vault 13                             # local_vars=10
tbffody3.int       ; Dar Deathclaw guard in Vault 13               # local_vars=9
cjtrain.int      ; Dave NPC in Vault 13                          # local_vars=1
scsubrec.int    ; Gordon the shrine dude                        # local_vars=11
ziClosed.int    ; Generic "Out of Business" signs               # local_vars=3
fareactr.int    ; Script to animate Reactor                     # local_vars=5
sclnccmp.int     ; Jimmy dude in computer room Vault 13          # local_vars=9
scacccmp.int    ; Doctor in Vault13                             # local_vars=9
hideact2.int      ; Matt prisonner in Vault13                     # local_vars=1
hdFitRat.int    ; Redding Fighting Molerats                     # local_vars=15
hideact3.int     ; Redding Mine Entrance Map Script              # local_vars=1
seedmap.int     ; Vault13 map                                   # local_vars=0
seedtrk1.int     ; Sandy child in Vault 13                       # local_vars=10
ziTmpBox.int    ; Generic Temporary swap box                    # local_vars=10
seedtrk2.int    ; Thearn Vault 13 Guard                         # local_vars=9
seeddie.int    ; Modoc Grisham Merchant box                    # local_vars=10
fafuel.int     ; Modoc Jo Merchant box                         # local_vars=10
scencl.int    ; Valdis Death claw guard on lvl 3 Vault 13     # local_vars=10
bomb001.int    ; Vault 13 entrance map door control            # local_vars=20
landing.int    ; Lockers in Vault 13                           # local_vars=0
b1crank.int     ; Footlockers in Vault 13                       # local_vars=10
b1prespr.int     ; Generic Deathclaw guard in Vault 13           # local_vars=10
sebob.int     ; Goris Special Encounter                       # local_vars=12
b1rctwhl.int    ; Modoc Balthas Merchant box                    # local_vars=10
b1tesla.int    ; Guard's lockers in NCR 1                      # local_vars=10
b1target.int     ; Cheater Character                             # local_vars=10
scbatt.int     ; Vault 15 map                                  # local_vars=10
tbbarfly.int      ; Phil secret guard guy in Vault 15             # local_vars=10
b1simtek.int      ; Bill fluff guy in Vault 15                    # local_vars=8
b1mr1dor.int    ; Slaughter house guys in Modoc                 # local_vars=12
b1eyescn.int     ; Guard who guards a trail                      # local_vars=9
b1secbot.int      ; John Vault 15 guy                             # local_vars=10
b1s1000b.int     ; Jones Vault 15 doctor                         # local_vars=10
b1s1000d.int     ; Karla Guard for vault 15 secrect entrance     # local_vars=10
tbdefrob.int     ; vault 15 secrect entrance map                 # local_vars=10
tbcrzrob.int    ; Vault 15 Entrance Rebecca                     # local_vars=10
bdgenrl.int      ; Modoc Doors                                   # local_vars=8
scrhook.int    ; Modoc Rose's "Chicken"                        # local_vars=10
b1spaces.int    ; Roberta in Vault13 entrance                   # local_vars=8
b1pwrpip.int      ; Sara vault15 entrance                         # local_vars=8
selee.int      ; Zeke Vault15 entrance mayor dude              # local_vars=12
mvblkjck.int    ; Brahmn in Vault 15 Entrance                   # local_vars=10
dtdaniel.int     ; Entrance door traped                          # local_vars=10
hdmallet.int    ; Crissy Rebecca's daughter                     # local_vars=10
hdginger.int    ; Darion the big bad dude in Vault15            # local_vars=10
nrakeish.int    ; Darion's guards Vault 15                      # local_vars=10
bhchagas.int    ; Darion's dog Vault 15                         # local_vars=10
hddtne.int    ; Casidy the  bar person in Vault City          # local_vars=0
hideact1.int      ; Modoc Well                                    # local_vars=2
scccint.int    ; Modoc Shitter Mole Rat                        # local_vars=2
screactr.int    ; Modoc Brahmin Chunks                          # local_vars=0
genintil.int    ; Modoc Slaughterhouse brahmin                  # local_vars=0
hdboxer.int      ; Door to secret elevator                       # local_vars=1
hdstulit.int    ; Dog that hangs out at the slaughter house     # local_vars=8
hdboxpab.int       ; Modoc Garden Rat                              # local_vars=10
ziSunSpt.int    ; Generic Sun Spot                              # local_vars=10
mcBess.int      ; Modoc Bess the Brahmin                        # local_vars=8
miJkyBox.int    ; Modoc Jerky box                               # local_vars=10
ZCCrpdel.int    ; Craps dealer. talk to him and play craps      # local_vars=43
hdboxfri.int    ; Generic Vault 15 Khan Guard                   # local_vars=10
hdboxgui.int      ; Modoc Generic Slag                            # local_vars=10
hdboxenz.int       ; Modoc Spacial Script for Rug                  # local_vars=10
hdboxdus.int     ; Modoc Child                                   # local_vars=8
hdboxgin.int    ; Aileen in Broken Hills                        # local_vars=10
hdrock.int    ; Bank Guard in Broken Hills                    # local_vars=13
hddrill.int       ; Doc in Broken Hills                           # local_vars=10
hdncrtrd.int     ; Henchman A in Broken Hills                    # local_vars=13
hdrhea.int     ; Henchman B in Broken Hills                    # local_vars=10
hdphoebe.int    ; Female in Broken Hills                        # local_vars=10
hdcrius.int    ; Francis in Broken Hills                       # local_vars=10
hdgovr.int     ; Frank in Broken Hills                         # local_vars=11
hdpablo.int     ; Ghoul in Broken Hills                         # local_vars=11
hdenzo.int       ; Liz in Broken Hills                           # local_vars=12
hdvinnie.int      ; Male in Broken Hills                          # local_vars=10
hdguido.int    ; Manson in Broken Hills                        # local_vars=15
hcMarcus.int    ; Marcus in Broken Hills                        # local_vars=20
hdcm.int    ; Miners in Broken Hills                        # local_vars=10
hdyuri.int    ; Mutant in Broken Hills                        # local_vars=20
hddeaden.int    ; Outfitter in Broken Hills                     # local_vars=10
hdccgrd.int      ; Phil the bartender in Broken Hills            # local_vars=10
hdmilko.int     ; Steve in Broken Hills                         # local_vars=11
hdmlkded.int     ; Supervisor in Broken Hills                    # local_vars=10
hdfrieda.int     ; Zaius in Broken Hills                         # local_vars=11
hdfrided.int     ; Jacob in Broken Hills                         # local_vars=10
hcchem.int      ; Chemistry Set in Broken Hills                 # local_vars=10
hdgatest.int    ; Modoc Ghost Farm Prop                         # local_vars=0
hdccdead.int     ; Shack doors on V15SENT map                    # local_vars=8
hd3sdead.int     ; Library computer Vault15                      # local_vars=3
hdncrtrc.int      ; Chad from Broken Hills                        # local_vars=10
ECPlant.int     ; Random Encounter Spore Plant                  # local_vars=10
ECGecko.int     ; Random Encounter Gecko                        # local_vars=10
ECScorp.int     ; Random Encounter Scorpions                    # local_vars=10
ECRat.int       ; Random Encounter Rats                         # local_vars=10
ECWarPty.int    ; Random Encounter War Party                    # local_vars=10
ECCanibl.int    ; Random Encounter Cannibals                    # local_vars=10
ECOutCst.int    ; Random Encounter Outcasts                     # local_vars=5
ECHlyPpl.int    ; Random Encounter Holy People                  # local_vars=4
ECNomad.int     ; Random Encounter Nomads                       # local_vars=5
ECHomles.int    ; Random Encounter Homeless                     # local_vars=6
ECBandit.int    ; Random Encounter Bandit                       # local_vars=10
ECRobber.int    ; Random Encounter Robber                       # local_vars=10
ECHiwymn.int    ; Random Encounter Highwaymen                   # local_vars=10
ECSlvRun.int    ; Random Encounter Slavers on a Slave Run       # local_vars=10
ECSlave.int     ; Random Encounter Slaves                       # local_vars=10
semulder.int    ; Random Encounter Rave Party                   # local_vars=10
ECMantis.int    ; Random Encounter Mantis                       # local_vars=10
ECBrahmn.int    ; Random Encounter Brahmin                      # local_vars=10
ECWldDog.int    ; Random Encounter Wild Dogs                    # local_vars=10
hdmikey.int     ; Darion's computer Vault 15                    # local_vars=10
hdmbox.int     ; Force Field computer Vault 15                 # local_vars=9
hdlizzie.int     ; Force Field computer Vault 15 near entrance   # local_vars=10
hddusty.int     ; Computer terminal 5 in Vault 15               # local_vars=10
tbnuke.int     ; Power Generator in Vault 15                   # local_vars=0
hdmrchnt.int     ; Force field in Vault 15                       # local_vars=10
hdmrchnb.int    ; Modoc Peasant Person                          # local_vars=10
hdmrchna.int      ; Vault 15 Emitter                              # local_vars=10
hdbea.int     ; Vault 13 Door                                 # local_vars=15
hdthug.int     ; Vault 13 Door that shows the deathclaws       # local_vars=10
hdmitch.int     ; Random Encounter for Bess outside of modoc    # local_vars=10
hdotto.int      ; Bess in Bess's Encounter (she's dead jim)     # local_vars=10
hddianne.int    ; One of the Brahmin in Bess's herd             # local_vars=12
vault69.int    ; New Reno Angela Bishop                        # local_vars=0
hdbob.int     ; New Reno Tommy the Balls (YEAH! OUR HERO)     # local_vars=11
hdfarmer.int    ; New Reno Angela Bishop's Safe                 # local_vars=10
hddave.int     ; New Reno Mr. Bishop's Safe                    # local_vars=10
hdtrog.int    ; New Reno Mrs. Bishop's Safe                   # local_vars=10
hdccsafe.int    ; New Reno Orville Wright's Safe                # local_vars=7
hdctwdor.int    ; New Reno Pritchard's Grave                    # local_vars=10
hdbbob.int    ; New Reno Richard Wright's Dresser             # local_vars=10
hdbsldor.int    ; New Reno Righard Wright's Grave               # local_vars=10
zalbant.int    ; New Reno Wright Stills                        # local_vars=10
hdscmpit.int    ; New Reno Ramirez                              # local_vars=0
cave01.int      ; Cave1 Random Encounter map                    # local_vars=0
hds1c.int    ; New Reno Renesco Box                          # local_vars=0
zleech.int      ; New Reno Door                                 # local_vars=0
cave02.int      ; Cave 2 Random Encounter map                   # local_vars=0
cave03.int      ; Cave 3 Random Encounter map                   # local_vars=0
cave04.int      ; Cave 4 Random Encounter map                   # local_vars=0
cave05.int      ; Cave 5 Random Encounter map                   # local_vars=0
holos1c.int    ; Vault City Entrance Door                      # local_vars=8
hds1chga.int    ; Vault City Downtown Map script                # local_vars=10
hdbaseln.int    ; Modoc Ghost Farm Trap Door                    # local_vars=10
hdaddict.int      ; Broken Hills Liz inventory box                # local_vars=10
hdranger.int    ; New Reno Lloyd Room                           # local_vars=8
hdccdoor.int     ; Thomas Moore from Vault City                  # local_vars=8
ZILckDor.int    ; Generic Locked Door (-20)                     # local_vars=8
hd3sdesk.int    ; New Reno Lloyd's Loot Box                     # local_vars=10
hdncrtr3.int    ; New Reno Manhole to Lloyd's Loot              # local_vars=10
zegg.int    ; New Reno Lloyd's Loot Grave                       # local_vars=5
hdholohd.int    ; Vault City Supply Guard Martin                # local_vars=1
hdgigolo.int     ; Map Script for Broken Hills Map 1             # local_vars=2
hds1ccmp.int    ; Map Script for Low Luck cow bomb encounter    # local_vars=10
hdgencmp.int    ; The cows that blow...                         # local_vars=11
tbcb29.int     ; Hakeswill from Redding                        # local_vars=0
hdrimgrd.int     ; Redding Downtown map script                   # local_vars=15
hdleo.int    ; Broken Hills Caravan Desert Map               # local_vars=10
hdrim.int    ; Broken Hills Caravan Mountain Map             # local_vars=4
hdgatnit.int       ; Lou from Redding                              # local_vars=10
hddtse.int    ; Arthur Leader of the special encounter knights# local_vars=0
hdelise.int     ; Robin one of the knights with Arthur          # local_vars=10
hdarmdor.int    ; Bedemir one of the knights with Arthur        # local_vars=10
hdncrtra.int    ; Sir Launcelot on of the knights with Arthur   # local_vars=10
hdarmyhq.int    ; Galahad one of the knights with Arthur        # local_vars=5
hdcosta.int      ; Ben Wade from Radding                         # local_vars=11
hdgatni2.int      ; Athabaska Dick from Redding                   # local_vars=10
fdpeaon.int    ; Widow Rooney from Redding                     # local_vars=10
fddelma.int    ; Generic Townsperson in Redding                # local_vars=11
fortdeso.int    ; Stannwell from Redding                        # local_vars=0
hddtnw.int    ; Savinelli from Redding                        # local_vars=0
fdgatnit.int     ; Marge LeBarge from Redding                    # local_vars=10
hddog.int    ; Madam Modjeska from Redding                   # local_vars=10
fdpvthdy.int     ; James Hoffy, Caravan Master for Redding       # local_vars=10
fdmrchna.int    ; Random Encoutner Holy 1 map                   # local_vars=10
fdwagon.int     ; Patsy Arthur's horse Holy 1 map               # local_vars=8
fdbook.int    ; Concord Launcelot horse Holy 1 map            # local_vars=8
hdcatwlk.int      ; Eric Robin's horse                            # local_vars=0
hddtsw1.int      ; John Bedemir's horse                          # local_vars=0
hddtsw2.int    ; Joshua Robin's minstrel                       # local_vars=0
hdmajor3.int    ; Modoc Shitter Ladder                          # local_vars=10
hdcrius3.int     ; Big head special encounter                    # local_vars=10
hdncrt3a.int    ; Black Hero model                              # local_vars=10
hdncrt3b.int    ; Red Heroine Model                             # local_vars=10
hdncrt3c.int       ; Set in cafe                                   # local_vars=10
nrspillw.int     ; Tandi in Cafe                                 # local_vars=0
regate.int     ; White Hero Model 1                            # local_vars=0
retradep.int     ; White Hero Model 2                            # local_vars=0
ougate.int    ; White Heroine Model 1                         # local_vars=0
oujunk.int    ; New Reno Jules Shop Inventory Box             # local_vars=0
proxbomb.int    ; New Reno Eldridge Shop Box                    # local_vars=0
scccnrth.int    ; New Reno Eldridge Shop Box (For Made Men)     # local_vars=0
dtpolice.int    ; Map script for Holy Knights 2                 # local_vars=0
dtbrew.int    ; Vorpal Rat for Holy Knights 2                 # local_vars=0
bdtrain.int      ; Paraih dog he joins your party.               # local_vars=0
cjroundb.int     ; Drill Seargant in Colusa/Nevarro              # local_vars=0
faent.int     ; Guard in Colusa/Nevarro                       # local_vars=0
bhbfvill.int      ; Technician in Colusa/Nevarro                  # local_vars=0
nrent.int     ; Commander in Colusa Nevarro                   # local_vars=0
gcsouth.int     ; Chris the gas station attendant in Colusa     # local_vars=0
gcmach.int    ; Quarter Master in Colusa/Nevarro              # local_vars=0
jrtrain.int    ; Gate Guard in Colusa/Nevarro                  # local_vars=0
moletown.int    ; New Reno Lloyd's Loot Grave (Spacial Script)  # local_vars=0
vaccs8en.int      ; New Reno Stolen Car Seed Spacial 1            # local_vars=0
rescaven.int      ; New Reno Stolen Car Seed Spacial 2            # local_vars=0
selibry.int    ; New Reno Mordino Stash Grave                  # local_vars=0
tksmanti.int    ; Bridge guy Special encounter                  # local_vars=10
seperkel.int    ; The buyer for the NCR cattle drive in redding # local_vars=9
selosten.int    ; Random Bridge encounter                       # local_vars=10
ECMstStr.int    ; Mysterious Stranger                           # local_vars=10
selostep.int    ; Generic Cow bomb the bridge dude uses         # local_vars=10
semoth.int    ; Random Encounter Yakuza                       # local_vars=10
ECWilder.int    ; Random Encounter                              # local_vars=8
seblood.int    ; New Reno Wright Dog                           # local_vars=10
tbradonc.int    ; New Reno Box to be delivered to Ramirez       # local_vars=10
segizmo.int    ; Random Unity Patrol                           # local_vars=0
ECTravlr.int    ; Random Travler encounter                      # local_vars=8
sehades.int     ; displays message about smoke smell in Duntons # local_vars=0
ECTrader.int    ; Random Encounter Trader                       # local_vars=14
ECScaven.int    ; Random Encounter Scavengers                   # local_vars=8
bstownw.int    ; San Francisco Merchants                       # local_vars=0
dthdhome.int    ; San Francisco Bad Peasants                    # local_vars=0
hdsergio.int    ; Arroyo Temple map script                      # local_vars=10
zgastank.int    ; San Franscisco Dock Worker                    # local_vars=0
hdmorgue.int    ; San Franscisco Good Peasant                   # local_vars=0
flickerl.int    ; San Fran Shi Guards                           # local_vars=0
hdcorpse.int    ; Temple challenge person                       # local_vars=0
tbwaste.int    ; Temple doors that lock at the challenge       # local_vars=0
ecthnbrd.int     ; Klint the guardian of the temple exit         # local_vars=6
AICrops.int     ; Crops that die after a period of time         # local_vars=1
zdstalkr.int    ; San Fran Shi Lab Techs                        # local_vars=6
mvdrake.int     ; San Fran Shi Kids                             # local_vars=10
ecradtod.int    ; wandering ghouls in Gecko                     # local_vars=8
ecgntcen.int    ; San Fran Doctor Fung                          # local_vars=11
mvhex.int       ; Vault 13 Denmother Guard                      # local_vars=10
mvdenom.int    ; Vault 13 Den Mother                           # local_vars=10
mvazkee.int    ; Temple Chest to hold the players things       # local_vars=10
mvcanyon.int     ; Reactor Ghoul that doesn't move             # local_vars=0
mvtrig.int    ; Random Encounter Gays                         # local_vars=12
ec3snake.int    ; Random Encounter Master's Army                # local_vars=10
mv3snake.int    ; Random Encounter Prospecter                   # local_vars=10
mvhound.int    ; Random Encounter Press Gang                   # local_vars=10
ECNomChf.int    ; Random Encounter Nomad Chief                  # local_vars=5
scclamp.int     ; Elronologist Patrol                           # local_vars=10
ECCrazy.int     ; Crazies from Random Encounter                 # local_vars=8
mvcomp.int    ; Random Encounter Claim Jumpers                # local_vars=10
ECCanbal.int    ; Random Encounter Cannibals                    # local_vars=8
ECNomSha.int    ; Random Encounter Nomad Shamon                 # local_vars=5
ECMaradr.int    ; Random Encounter Marauder                     # local_vars=8
ECRogue.int     ; Random Encounter Rogue                        # local_vars=8
ECHermit.int    ; Random Encuonter Hermit                       # local_vars=4
ECGangs.int     ; Random Encounter Gangs                        # local_vars=4
ECMstKla.int    ; Random Encounter Klamath Caravan Master       # local_vars=8
ECMstDen.int    ; Random Encounter Den Caravan Master           # local_vars=8
ECMstNew.int    ; Random Encounter New Reno Caravan Master      # local_vars=8
ECMstRed.int    ; Random Encounter Redding Caravan Master       # local_vars=8
ECMstBro.int    ; Random Encounter Broken Hills Caravan Master  # local_vars=8
ECMstGec.int    ; Random Encounter Gecko Caravan Master         # local_vars=8
ECMstSan.int    ; Random Encounter San Fran Caravan Master      # local_vars=8
ECMstNCR.int    ; Random Encounter NCR Caravan Master           # local_vars=8
ECMstV15.int    ; Random Encounter Vault 15 Caravan Master      # local_vars=8
ECFrmwfe.int    ; Random Encounter Farmer's Wife                # local_vars=5
ECFrmKid.int    ; Random Encounter Farmer's Kid                 # local_vars=5
ECHomest.int    ; Random Encounter Homesteader                  # local_vars=5
ECHomwfe.int    ; Random Encounter Homesteader's wife           # local_vars=5
ECHomkid.int    ; Random Encounter Homesteader's kid            # local_vars=5
ECMstVC.int     ; Random Encounter Vault City Caravan Master    # local_vars=8
ECAlien.int     ; Random Encounter Alien                        # local_vars=6
ECDthclw.int    ; Random Encounter Deathclaws                   # local_vars=6
ECFloatr.int    ; Random Encounter Floater                      # local_vars=6
ECCentur.int    ; Random Encounter Centaurs                     # local_vars=6
ECElvPat.int    ; Random Encounter Enclave Patrol               # local_vars=6
mvvillw.int    ; Raiders Merc Captain                          # local_vars=0
mvvilln.int      ; Raiders Merc                                  # local_vars=0
mvville.int     ; Raiders Scout                                 # local_vars=0
hd3sSafe.int      ; Raiders Safe                                  # local_vars=7
mvcavhol.int    ; Raiders 1 Enterance                           # local_vars=10
mvcaves.int    ; Raiders 2 Caves                               # local_vars=0
mvcavrop.int    ; Broken Hills bank/jail door                   # local_vars=8
mvisaac.int    ; New Reno Chop Shop T-Ray Box                  # local_vars=10
mvwind.int    ; Enclave President of USA                      # local_vars=10
mvwaterm.int    ; Howitzer in the Sierra Base                   # local_vars=8
mvsymm.int    ; Entrance to Sierra Base Door                  # local_vars=10
mvent.int    ; Vault 13 Baby deathclaws                      # local_vars=0
mvalex.int    ; Dangerous Dan McGrew from redding             # local_vars=10
mvtop.int    ; Painless Doc Johnson (breaks Jet)             # local_vars=0
mvcipher.int    ; Sheriff Earl Marion                           # local_vars=10
mvcphwra.int    ; Mayor Ascorti of Redding                      # local_vars=10
mvcphwrb.int      ; Nording, the payoff man for Stanwell          # local_vars=10
hdailis.int    ; Velani, the payoff man for Savinelli          # local_vars=15
mvnemonk.int      ; Ferndown, the payoff man for Wade             # local_vars=12
mvhounds.int    ; The Dragon, San Fran                          # local_vars=0
mvhndcrt.int    ; Modoc Stable Boy                              # local_vars=8
mvhndww.int    ; Modoc Trader                                  # local_vars=10
mvhndbmb.int    ; Modoc Townspeople                             # local_vars=8
mvcannon.int    ; Ghost Farm Slag Exit Guard                    # local_vars=6
mvradian.int    ; Ghost Farm Slag Enterance Guard               # local_vars=10
mvchild.int     ; LoPan in SanFran... hey that Rhyms            # local_vars=10
mvdog.int    ; Badger Punk in San Fran                       # local_vars=10
mvblkbmb.int      ; Josh Laurance of Redding                      # local_vars=8
mvcanyo3.int    ; Caminetto in bar fight in redding             # local_vars=0
mvradbrl.int     ; Blasphemous Bette in bar fight in redding     # local_vars=10
mvshedor.int    ; Gun Merchant in San Fran                      # local_vars=10
ZIWodDor.int    ; Generic Wooden Door                           # local_vars=10
ZIMtlDor.int    ; Generic Metal Door                            # local_vars=10
mvchickn.int     ; Emitter in NCR area 2                         # local_vars=10
hdquartr.int    ; Rat God in Klamath                            # local_vars=10
ECBox.int       ; Random encounter box that has stuff in it     # local_vars=8
mvbridge.int     ; Random encounter Kaga 1                       # local_vars=0
mvbridgn.int     ; Random encounter Kaga 2                       # local_vars=0
mvkivasc.int     ; Random encounter Kaga 3                       # local_vars=8
footstep.int     ; Random encounter Kaga 4                       # local_vars=0
mvcanyo2.int     ; Random encounter Kaga 5                       # local_vars=0
ECBHuntr.int    ; Random Encounter Bounty Hunter                # local_vars=8
mvcanyo4.int    ; Vault City Medical Computer                   # local_vars=0
maxbdorm.int    ; Vault City Central Computer                   # local_vars=0
vaccs8.int    ; Vault City Allocation Computer                # local_vars=0
dtcrbsu.int    ; Vault City Sub-Amenities Officer Darrow       # local_vars=10
scsecbot.int    ; Vault City Sub-Amenities Officer Farrell      # local_vars=10
animweed.int    ; Vault City Bar Patron                         # local_vars=0
ecpjhexr.int    ; Vault City Working Citizen                    # local_vars=10
ecbarth.int     ; Vault City Slave                              # local_vars=10
segoris.int    ; Vault City Ventilation Shaft 2B               # local_vars=10
ecstevie.int    ; Vault City Puking Charlie                     # local_vars=10
GSValve.int     ; Gecko Coolant Control Panel                   # local_vars=3
ziBraPoo.int    ; Generic BRAHMIN SHIT!!! YES YES YES           # local_vars=10
ecbndoge.int    ; Westin's force field guard.                   # local_vars=10
eckrimsn.int    ; Westin's force field emitter.                 # local_vars=10
ecgoatby.int    ; Westin's force field on the other map.        # local_vars=10
asylum.int    ; Westin's computer controlling the field       # local_vars=0
asylumun.int    ; The Emperor Computer Terminal                 # local_vars=0
fafarm.int      ; Enclave, Vice President Bird                  # local_vars=0
tbchem.int    ; Enclave, Martin Frobishner, V13 spokesman     # local_vars=0
FCKenLee.int    ; Ken Lee in San Francisco area                 # local_vars=14
QCGranit.int    ; Sgt. Granite of the Enclave Patrol            # local_vars=10
QCFrank.int     ; Secret Service Agent Frank (End Boss)         # local_vars=10
GeckJunk.int    ; Map Script for Gecko Junkyard                 # local_vars=10
GeckTunl.int    ; Map Script for Gecko Tunnels                  # local_vars=10
SSFrgDor.int    ; Door script for Fergus's door                 # local_vars=8
SSGunDor.int    ; Door script for Gunther's door                # local_vars=8
SSFlxDor.int    ; Door script for Felix's door                  # local_vars=8
SSRope.int      ; Rope.... don't want to explain                # local_vars=10
SSEmient.int    ; Emitter/Force NCR Entrance                    # local_vars=6
QCCurlng.int    ; Dr. Charles Curling, Chem Corps.              # local_vars=10
SSsign.int      ; Sign in NCR                                   # local_vars=3
mcMolRat.int    ; Ghost Farm Mole Rat                           # local_vars=2
QCPrsSec.int    ; President's personal intern (uh sectertary)   # local_vars=9
QCMurray.int    ; Tom Murray, head of AEC                       # local_vars=13
SSCrpDor.int    ; Craps table door                              # local_vars=3
mcPeasan.int    ; Modoc Peasant, they attack the farm           # local_vars=8
VCtyCocl.int    ; Map Script Vault City Council Area            # local_vars=10
HSPurify.int    ; Air Purifier for Broken Hills                 # local_vars=10
esEntRks.int    ; Military Base Enterance Rocks                 # local_vars=10
RCGamble.int    ; Redding Generic Gamblers                      # local_vars=8
HtCorpse.int    ; Spatial Script for Corpses                    # local_vars=2
SCCheat.int     ; Cheat Character for NCR                       # local_vars=8
QCGenPrs.int    ; Enclave Generic Prisoner                      # local_vars=8
QCGenCit.int    ; Enclave Generic Citizens                      # local_vars=10
QCGenGrd.int    ; Enclave Generic Guards                        # local_vars=8
QCGenSci.int    ; Enclave Generic Scientist                     # local_vars=10
QIPzlTrm.int    ; Enclave terminal in the Puzzle Level          # local_vars=8
etEnter.int     ; Military Base Enterance Spacial Message       # local_vars=10
etBattle.int    ; Military Base Battle Area Spacial Message     # local_vars=10
SSEmiEn1.int    ; Ncr emitters for ncr entrance on map 1        # local_vars=6
QIBstDr1.int    ; Blast Door for Reactor Off to remain closed   # local_vars=4
QIBstDr2.int    ; Blast Door for Reactor On to remain closed    # local_vars=4
VIDarBox.int    ; Vault City Darrow Shop Inventory              # local_vars=1
HSCrlDr.int     ; Jail cell door for Broken Hills               # local_vars=8
ecTlkMut.int    ; Military Base Conversation Mutants            # local_vars=3
FCChemst.int    ; Chemist in San Fran                           # local_vars=8
ecGrunde.int    ; Military Base Mouse Hunter                    # local_vars=2
ecMelKid.int    ; Some Town USA, Melchior's Kid                 # local_vars=4
WIRetScn.int    ; Retinal Scanner in the Sieera Base            # local_vars=3
WIElvDor.int    ; Elevator Door in the Seirra Base              # local_vars=3
WIBrkBrn.int    ; Broken Brain Bot in the Sierra Base           # local_vars=3
WIScrtDr.int    ; Sierra Base Secert Door                       # local_vars=3
broken2.int     ; Map Script for Broken Hills Map 2             # local_vars=10
VIFarBox.int    ; Vault City Farrell Shop Inventory             # local_vars=1
VIHarBox.int    ; Vault City Happy Harry Shop Stock             # local_vars=1
VICtyBox.int    ; Vault City Courtyard Temp Inventory Box       # local_vars=1
VIDwtBox.int    ; Vault City Downtown Temp Inventory Box        # local_vars=1
dcDerek.int     ; Derek in the Den                              # local_vars=8
dcTubFri.int    ; Tubby's Junkie Friends in the Den             # local_vars=8
dcGamble.int    ; Gamblers in the Den                           # local_vars=8
dcSlave.int     ; Pen Slaves in the Den                         # local_vars=8
dcMetRom.int    ; Metzger Room Guard in the Den                 # local_vars=10
dcPenGrd.int    ; Slaver Pen Guard in the Den                   # local_vars=10
dcLara.int      ; Lara in the Den                               # local_vars=8
dcTyler.int     ; Tyler in the Den                              # local_vars=8
dcMarc.int      ; Marc in the Den                               # local_vars=8
diBulBrd.int    ; Bulletin Board in the Den                     # local_vars=8
dcVicGrd.int    ; Vic Guard in the Den                          # local_vars=10
dcSlvGrt.int    ; Slaver Greeter in the Den                     # local_vars=10
dcFred.int      ; Fred in the Den                               # local_vars=12
diFliBox.int    ; Flick Box in the Den                          # local_vars=8
diMomBox.int    ; Mom Box in the Den                            # local_vars=8
diSmiBox.int    ; Smitty Box in the Den                         # local_vars=8
ZICrTrnk.int    ; generic script for Car Trunk                  # local_vars=3
QIPzlDor.int    ; Door for the puzzle room in the Enclave       # local_vars=3
FSPhySta.int    ; Physics computer station San Fran             # local_vars=9
FSBioSta.int    ; Biology computer station San Fran             # local_vars=9
FSCheSta.int    ; Chemistry computer station San Fran           # local_vars=9
FCLaoCho.int    ; Merchant in San Fran                          # local_vars=11
FIPaper.int     ; Scrap papers that combine Hoover Dam          # local_vars=10
CSVent.int      ; Ventilation shaft for Navarro                 # local_vars=10
EncTrp.int      ; Map Script for Enclave Trap Rooms             # local_vars=10
HtBody.int      ; Script for dead bodies in Broken Hills        # local_vars=10
QIWires.int     ; Wires on the ground in the trap room          # local_vars=3
diMetBox.int    ; Metzger Box from Slave Crap                   # local_vars=1
dcRunSlv.int    ; Den Slave Run Fleeing Slaves                  # local_vars=8
dcAtkSlv.int    ; Den Slave Run Hostile Slaves                  # local_vars=8
dcRnSlvr.int    ; Den Slave Run Slavers                         # local_vars=8
FCChip.int      ; Chip San Fran                                 # local_vars=13
QIReactr.int    ; Reactor in the Enclave                        # local_vars=2
QIRctrCm.int    ; Reactor Computer in the Enclave               # local_vars=2
RCCshTnd.int    ; Redding Cash Tender in the Casino             # local_vars=8
RICshBox.int    ; Cash Box for the Cash Tender                  # local_vars=2
RCWanami.int    ; Wanamingo                                     # local_vars=3
dcStory1.int    ; Story Teller 1 in the Den                     # local_vars=6
dcStory2.int    ; Story Teller 2 in the Den                     # local_vars=7
RIJalDor.int    ; Jail Door in Redding                          # local_vars=7
FCSuze.int      ; Suze in San Fran you can save her             # local_vars=9
FCRonMey.int    ; Captain Ron Meyers in San Francisco           # local_vars=11
diPenDor.int    ; Slave Pen Door in the Den                     # local_vars=8
RedWan1.int     ; Map Script for Wanamingo Mine                 # local_vars=10
RedWame.int     ; Map Script for Wanamingo Mine Entrance        # local_vars=10
RCFrog.int      ; Frog Morton                                   # local_vars=8
FCDaveh.int     ; Dave Handy in San Fran                        # local_vars=10
diVicDor.int    ; Vic's Room Door in the Den                    # local_vars=8
diRomDor.int    ; Metzger's Room Door in the Den                # local_vars=8
VCCharly.int    ; Puking Charlie in Vault City Courtyard        # local_vars=11
SIpaint.int     ; Painting in NCR marks Vault13 on the map      # local_vars=10
SFChina.int     ; San Fran China Map                            # local_vars=10
VCCouBar.int    ; Vault City Council Area Bartender             # local_vars=9
VIBarBox.int    ; Vault City Slave Sale Inventory Dump          # local_vars=10
VIAutDoc.int    ; Vault City Courtyard Auto Doc                 # local_vars=10
RIMinEnt.int    ; Entrance Back to the Mines                    # local_vars=10
RedMTun.int     ; Map Script for Mining Tunnel                  # local_vars=10
KCRob.int       ; Robot on Klamath Canyon                       # local_vars=2
FIGunTbl.int    ; Gun Merchant Table San Fran                   # local_vars=3
KlaMall.int     ; Map Script for Klamath Mall area              # local_vars=10
KlaTrap.int     ; Map Script for Klamath Still area             # local_vars=10
VCDwnBar.int    ; Vault City Downtown Bartender                 # local_vars=7
RedDTun.int     ; Redding Downtown Tunnels                      # local_vars=10
FCRocMan.int    ; Rocketman in San Fran                         # local_vars=9
FCOz7.int       ; Oz7 in San Fran                               # local_vars=10
FCCrocke.int    ; Crockett in San Fran                          # local_vars=13
VCAmanda.int    ; Vault City Coutryard Amanda, Joshua's Wife    # local_vars=10
VCJoshua.int    ; Vault City Courtyard Joshua, Slave            # local_vars=7
VCMainWk.int    ; Valerie, Vic's Daughter and Maintence Worker  # local_vars=12
VITeach.int     ; Vault City Teaching System                    # local_vars=1
diCrate.int     ; Den Crate in Church                           # local_vars=10
VCUrine.int     ; Peeing Guy in Vault City Council Area         # local_vars=7
VCCurtis.int    ; Curtis, Amanda and Joshua's Son               # local_vars=8
FCMarc.int      ; Marc, a San Fran punks                        # local_vars=9
FSElComp.int    ; Elronologists computer                        # local_vars=9
FCOz9.int       ; Oz9 San Fran main Elronologist dude           # local_vars=9
FCElGrd.int     ; Elronologists Guards                          # local_vars=9
VIRocks.int     ; Pile of Rocks w/ Hidden Wrench                # local_vars=10
VIVltDor.int    ; Vault City 2nd floor doors                    # local_vars=1
dcRebGrd.int    ; Den Rebecca Guard                             # local_vars=6
dcRebDor.int    ; Den Rebecca Door Guard                        # local_vars=9
diRebDor.int    ; Den Rebecca Door                              # local_vars=6
ZSWsign.int     ; Generic Wanted Sign                           # local_vars=10
FCDrwong.int    ; Dr Wong, he has Chip's spleen                 # local_vars=11
FIlaotbl.int    ; Lao Cho's stock tables in san Fran            # local_vars=3
WILv1Dor.int    ; Locked Door on Level 1 Entrance               # local_vars=8
FCFemPnk.int    ; San Fran Female punk                          # local_vars=9
FCMalPnk.int    ; San Fran Male punk                            # local_vars=9
FCRyan.int      ; San Fran Rayan                                # local_vars=10
HIBh1Box.int    ; Broken Hills Temp Inventory Box               # local_vars=10
FCJuaVki.int    ; Juan and Vikki in San Fran                    # local_vars=9
HIManHol.int    ; Manhole to Basement in Liz's Store            # local_vars=1
SFElronb.int    ; Elron Base map Script                         # local_vars=10
HILadder.int    ; Ladder up to Liz's Store                      # local_vars=10
WIPnchBg.int    ; Punching Bag in the Sierra Depot              # local_vars=1
WIBayDor.int    ; Sierra Base Repair Bay Door                   # local_vars=8
GSAlarm.int     ; Gecko Reactor Alarm                           # local_vars=3
WTPlTrp2.int    ; Plasma Floor Trap Level 2 of Seirra  (Left)   # local_vars=6
WTPlTrp3.int    ; Plasma Floor Trap Level 2 of Seirra  (Left)   # local_vars=6
WTPlTrp4.int    ; Plasma Floor Trap Level 2 of Seirra  (Left)   # local_vars=6
WTPlTrp5.int    ; Plasma Floor Trap Level 2 of Seirra  (Left)   # local_vars=6
WTPlTrp6.int    ; Plasma Floor Trap Level 2 of Seirra  (Left)   # local_vars=6
WTPlTrp7.int    ; Plasma Floor Trap Level 2 of Seirra  (Left)   # local_vars=6
WTPlTrp8.int    ; Plasma Floor Trap Level 2 of Seirra  (Left)   # local_vars=6
WTPlTrp9.int    ; Plasma Floor Trap Level 2 of Seirra  (Right)  # local_vars=6
WTPlTrpA.int    ; Plasma Floor Trap Level 2 of Seirra  (Right)  # local_vars=6
WTPlTrpB.int    ; Plasma Floor Trap Level 2 of Seirra  (Right)  # local_vars=6
WTPlTrpC.int    ; Plasma Floor Trap Level 2 of Seirra  (Right)  # local_vars=6
WTPlTrpD.int    ; Plasma Floor Trap Level 2 of Seirra  (Right)  # local_vars=6
WTPlTrpE.int    ; Plasma Floor Trap Level 2 of Seirra  (Right)  # local_vars=6
WTPlTrpF.int    ; Plasma Floor Trap Level 2 of Seirra  (Right)  # local_vars=6
WSEmit4a.int    ; Emitter, Level 4 in Sierra Base               # local_vars=10
WSEmit4b.int    ; Emitter, Level 4 in Sierra Base               # local_vars=10
WSEmit4c.int    ; Emitter, Level 4 in Sierra Base               # local_vars=10
WSFeld4a.int    ; Force Field, Level 4 in Sierra Base           # local_vars=10
WSFeld4b.int    ; Force Field, Level 4 in Sierra Base           # local_vars=10
WSFeld4c.int    ; Force Field, Level 4 in Sierra Base           # local_vars=10
FCElrind.int    ; Elron Indoctrinee (Peasant)                   # local_vars=10
FSTnkCmp.int    ; Posiden Tanker computer                       # local_vars=9
WIBnkDor.int    ; Bunker Door for the Sierra Depot              # local_vars=10
miGate.int      ; Modoc Gate                                    # local_vars=10
WITrpBx1.int    ; Sierra Base Trapped Box                       # local_vars=8
RCMorBrs.int    ; Morton Brothers, Inc.                         # local_vars=8
FSEmt1.int      ; Emitter For Field 1 in San Fran               # local_vars=6
FSEmt2.int      ; Emitter For Field 2 in San Fran               # local_vars=6
FSEmt3.int      ; Emitter For Field 3 in San Fran               # local_vars=6
Cave6.int       ; Fake Vault 13 map                             # local_vars=10
VCChet.int      ; Illicit Allocations Officer Chet              # local_vars=7
NewRVB.int      ; New Reno Helicopter Script Map                # local_vars=10
nsVertib.int    ; New Reno Helicopter Script Vertibird          # local_vars=10
ncHSSal1.int    ; New Reno Helicopter Script Salvatore 1        # local_vars=2
ncHSSal2.int    ; New Reno Helicopter Script Salvatroe 2        # local_vars=2
ncHSPow1.int    ; New Reno Helicopter Script Power Armor 1      # local_vars=2
ncHSPow2.int    ; New Reno Helicopter Script Power Armor 2      # local_vars=2
niHSCrat.int    ; New Reno Helicopter Script Crate              # local_vars=10
ncHSHand.int    ; New Reno Helicopter Script Handy              # local_vars=2
ncHSGSal.int    ; New Reno Helicopter Script Salvatore Guard    # local_vars=4
ntHSGrd.int     ; New Reno Helicopter Script Guarding Spacial   # local_vars=1
niEldDor.int    ; New Reno Elderidge Door                       # local_vars=6
niSalDor.int    ; New Reno Salvatore Door                       # local_vars=6
niMyrDor.int    ; New Reno Myron Door                           # local_vars=6
FCMonst.int     ; Monsters in PMS Tanker                        # local_vars=10
SFTanker.int    ; San Fran Tanker map Script                    # local_vars=10
VCSlav2.int     ; Vault City Prisoner Slaves                    # local_vars=8
VCBarCit.int    ; Vault City Bar Patrons                        # local_vars=8
niBasDor.int    ; New Reno Locking Doors                        # local_vars=6
hdFightr.int    ; New Reno Boxer Actually Fighting              # local_vars=5
RIVltDor.int    ; Locked Vault Door in Redding                  # local_vars=8
CcXarn.int      ; Xarn in Navarro                               # local_vars=17
CcRaul.int      ; Raul in Navarro                               # local_vars=16
CcQuincy.int    ; Quincy in Navarro                             # local_vars=12
CcQmstr.int     ; Quartermaster in Navarro                      # local_vars=11
CcMedGrd.int    ; Med Lab Guard in Navarro                      # local_vars=8
CcK9.int        ; K9 in Navarro                                 # local_vars=14
CcDoctor.int    ; Dr Shreber in Navarro                         # local_vars=15
CcATech.int     ; Air Tech in Navarro                           # local_vars=11
CcACon.int      ; Air Control in Navarro                        # local_vars=8
CcDrGrd.int     ; Door Guard in Navarro                         # local_vars=13
Ccggbak.int     ; Gate Guard Backup in Navarro                  # local_vars=8
CcGrdca.int     ; Guard (combat armor) in Navarro               # local_vars=8
CcGrdpa.int     ; Guard (power armor) in Navarro                # local_vars=8
CcTech1.int     ; Com Tech1 in Navarro                          # local_vars=12
CcTech2.int     ; Com Tech2 in Navarro                          # local_vars=12
CcComp1.int     ; Computer Tech1 in Navarro                     # local_vars=8
CcComp2.int     ; Computer Tech2 in Navarro                     # local_vars=8
HICaveIn.int    ; Broken Hills Caved-In mine                    # local_vars=10
QCEPSqad.int    ; Enclave EP Squad (joins player in fighting    # local_vars=8
QIEndDor.int    ; Doors at the End Fight Area                   # local_vars=10
EncDet.int      ; Map Script for Enclave Detention Center       # local_vars=10
EncDock.int     ; Map Script for Enclave Dock                   # local_vars=10
EncGd.int       ; Map Script for Enclave Guard Barracks         # local_vars=10
EncPres.int     ; Map Script for Enclave Presidential Area      # local_vars=10
EncRetr.int     ; Map Script for Enclave Reactor Area           # local_vars=10
EncFite.int     ; Map Script for Enclave Fight Area             # local_vars=10
QCSecBot.int    ; Enclave Security Robot                        # local_vars=10
niTulBox.int    ; New Reno Poor Box                             # local_vars=3
hiDead.int      ; Dead body in Broken Hills Tunnels             # local_vars=10
HiJacBox.int    ; Broken Hills Jacob inventory box              # local_vars=1
HiDocBox.int    ; Broken Hills Doc Holliday Inventory box       # local_vars=1
HiOutBox.int    ; Broken Hills Outfitter inventory box          # local_vars=1
RCCvnGrd.int    ; Generic Caravan Guard                         # local_vars=8
RCCvnDrv.int    ; Generic Caravan Driver                        # local_vars=8
hdAnounc.int    ; New Reno Boxing Anouncer                      # local_vars=3
hdRngGrl.int    ; New Reno Ring Grrrl                           # local_vars=2
hdPrzFtr.int    ; New Reno Prize Fighter                        # local_vars=3
VIVltDr2.int    ; Vault Doors in Vault 8                        # local_vars=7
hdncrgym.int     ; New Reno Cheat Character                      # local_vars=0
WIGNNDsk.int    ; Sierra Base GNN Transscript                   # local_vars=3
WIMisDsk.int    ; Sierra Base Mission Statement Disk            # local_vars=3
FIElrDsk.int    ; Elronologist Holodisk                         # local_vars=3
HINote.int      ; Script for Francis/Zaius Note                 # local_vars=10
ECDogMet.int    ; Dog Meat Special encounter                    # local_vars=13
niCatPw5.int    ; New Reno Cat's Paw magazine 5                 # local_vars=10
niRaiMap.int    ; New Reno Raiders Map in Bishop's Safe         # local_vars=10
ECPariah.int    ; Pariah Dog in Low Luck encounter              # local_vars=13
QIKlaxon.int    ; Klaxon Lights for Enclave when under alert    # local_vars=3
IIMine.int      ; Mines in Raiders Cave                         # local_vars=6
IIPit.int       ; Pits in the Raiders Cave                      # local_vars=4
FCTnkGmr.int    ; Tanker Gun Merchant                           # local_vars=8
FCTnkBar.int    ; Tanker Bartenter                              # local_vars=8
FCTnkMer.int    ; Tanker Merchant                               # local_vars=8
FITguntb.int    ; Tanker Gun Merchant's Table                   # local_vars=3
FITMerTb.int    ; Tanker Merchant's Table                       # local_vars=3
FSPemtr1.int    ; Palace Emitter 1                              # local_vars=6
FSPemtr2.int    ; Palace Emitter 2                              # local_vars=6
FSPemtr3.int    ; Palace Emitter 3                              # local_vars=6
FSEmpEmt.int    ; Emporor Computer's Force Field                # local_vars=6
niF2Hint.int    ; New Reno Fallout 2 Hintbook                   # local_vars=1
csTouch.int     ; Script to signal if dude touches containers   # local_vars=3
csArea.int      ; Script to signal if dude enters an area       # local_vars=10
RCAscGrd.int    ; Generic Guard for Ascorti's Bar               # local_vars=10
ECLdPros.int    ; Random Encounter Lead Prospector              # local_vars=10
ECLdBoot.int    ; Random Encounter Lead Bootlegger              # local_vars=10
csOpen.int      ; Script to signal if dude uses door w/o permis # local_vars=1
hcDan.int       ; Dan, Spouse of murdered conspirator.          # local_vars=9
ncComedi.int    ; New Reno Comedian                             # local_vars=4
ncBand.int      ; New Reno Trashcan Band                        # local_vars=8
ARDead.int      ; Destroyed Arroyo Bridge map script            # local_vars=10
csGate.int      ; Script to signal if dude uses gate w/o permis # local_vars=1
niWilGrv.int    ; New Reno Coffin Willie's Grave                # local_vars=5
ncWillie.int    ; New Reno Coffin Willie                        # local_vars=1
FSFobTer.int    ; Fob Terminal in San Fran Tanker               # local_vars=10
FSFobDor.int    ; Fob Door in San Fran Tanker                   # local_vars=10
ccNComp.int     ; Navarro Computer                              # local_vars=7
vcKohl.int      ; Vault City Info Officer Kohl                  # local_vars=10
ECChild.int     ; Random Encounter Children                     # local_vars=10
ccCook.int      ; Navarro Cook                                  # local_vars=16
ccTurret.int    ; Navarro Turret                                # local_vars=4
hcBrian.int     ; Brian, the Power Technician                   # local_vars=7
hiPower.int     ; Power Generator for Broken Hills              # local_vars=10
hiConsol.int    ; Power Station Console in Broken Hills         # local_vars=10
hcAnt1.int      ; Standard Broken Hills Ant                     # local_vars=10
hcAnt2.int      ; Broken Hills Ant/ Missing Persons Quest       # local_vars=10
csXDoor.int     ; Another lousy door script -sig xarn to leave  # local_vars=10
htSecret.int    ; Spatial for secret area of Broken Hills Mine  # local_vars=1
niEthBox.int    ; New Reno Ethyl Wright Shop Box                # local_vars=1
hcEric.int      ; Eric the Smelly Boy, Broken Hills             # local_vars=8
htFlies.int     ; Spatial Flies script for Broken Hills         # local_vars=10
viRanBox.int    ; Randal's Stock Box in Vault City              # local_vars=1
iiScorp.int     ; Raiders Scorpions 2X poison                   # local_vars=10
hdjody.int      ; Redding Jackpot Jane                          # local_vars=25
VTAloMrk.int    ; Spatial Script for Allocation Computer VCity  # local_vars=1
Cave7.int       ; Fake Vault 13 map                             # local_vars=10
niDermal.int    ; New Reno Dermal Pip Boy                       # local_vars=10
ncEldDog.int    ; New Reno Eldridge Dogs                        # local_vars=2
RCRatray.int    ; Rattray, Doc Johnson's assistant              # local_vars=10
HCHusWif.int    ; Mutant Husband/Wife Broken Hills              # local_vars=8
FCLoGrd.int     ; Lo Pan Guard                                  # local_vars=9
Navarro.int     ; Map script for Navarro                        # local_vars=10
VIVltDr3.int    ; Vault Door in Vault 8 - Martin                # local_vars=7
CcFak9.int      ; Fake K-9 Scenery obj                          # local_vars=14
FCNLuke.int     ; Brother Hood Rep in NCR                       # local_vars=9
FCDJosh.int     ; Joshua BOS in DEN                             # local_vars=9
iiLockDr.int    ; Gates in Raiders area                         # local_vars=7
FCFMatt.int     ; Matt BOS in San Fran                          # local_vars=10
FSBroDor.int    ; Brother Hood Door                             # local_vars=10
hcGrd2.int      ; Bank Guard 2 in Broken Hills                  # local_vars=13
QIGeckDr.int    ; Door Requiring the player to use the geck     # local_vars=3
FSFAce.int      ; Ace Computer system in San Fran               # local_vars=5
QITurTrm.int    ; Generic Enclave Turret Terminal               # local_vars=12
QCTurret.int    ; Enclave Turrets                               # local_vars=5
hcChuck.int     ; Chuck Stodgers, Broken Hills                  # local_vars=8
htChuck.int     ; Spatial Script for waking up Chuck            # local_vars=1
viTerm.int      ; Vault City Vault Terminal                     # local_vars=1
RCMotGng.int    ; Frog Morton's gang                            # local_vars=10
ccCheat.int     ; Cheat character in Navarro                    # local_vars=4
FSTnkrDr.int    ; Tanker Doors in San Fran                      # local_vars=3
SCPeaon.int     ; NCR Peaons                                    # local_vars=10
diRebBok.int    ; Den Becky's Book                              # local_vars=1
hcScorp.int     ; Broken Hills Scorpion                         # local_vars=8
hcProf.int      ; Broken Hills Professor                        # local_vars=14
hiPrfBx1.int    ; Professor's Box in Broken Hills               # local_vars=10
hiPrfBx2.int    ; Professor's Box in Broken Hills               # local_vars=10
hcSeymor.int    ; Seymour the talking Plant/Broken Hills        # local_vars=9
hcSulvan.int    ; John Sullivan - Broken Hills                  # local_vars=9
hcLumpy.int     ; Lumpy the car accident victim - Broken Hills  # local_vars=9
BISpyHol.int    ; Vault 15 Spy Holodisk                         # local_vars=10
SIHisHol.int    ; NCR History Holodisk                          # local_vars=10
SIWesHol.int    ; Westin Holodisk                               # local_vars=10
SCBGrd.int      ; Buster's Guards in NCR Entrance               # local_vars=10
SIElnObj.int    ; Elise Notify Object                           # local_vars=10
SIGcaObj.int    ; Guard Captain Check Obj                       # local_vars=10
hcTyphon.int    ; Typhon, Son of Set - Broken Hills             # local_vars=12
ECBdyGrd.int    ; Random Scripted Encounter with the bodyguard  # local_vars=9
Gammovie.int    ; Map Script                                    # local_vars=0
ziLocker.int    ; Generic Locker Script                         # local_vars=1
hiWell.int      ; Broken Hills Well                             # local_vars=10
hcMicky.int     ; Mickey the Dwarf - Broken Hills               # local_vars=8
WCTurret.int    ; Turret for Sierra Depot                       # local_vars=5
hcOldGhl.int    ; Ghouls in Old-Folks Home - Broken Hills       # local_vars=8
hcHench.int     ; Broken Hills Outfitter Henchmen               # local_vars=8
hcElmo.int      ; Elmo - Broken Hills                           # local_vars=8
niToilet.int    ; Toilet - Contains Grenades - New Reno         # local_vars=1
niCross.int     ; Cross - Golgotha - Buried Cash                # local_vars=1
viPlow1.int     ; Plow - Vault City                             # local_vars=10
viPlow2.int     ; Plow - Vault City                             # local_vars=10
kcScorpa.int    ; Attacking scorpion in klamath                 # local_vars=5
kcGnratr.int    ; Generator player needs to repair              # local_vars=5
kcLvatr.int     ; Elevator door in toxic caves                  # local_vars=5
SIVDor.int      ; Vortis Slave Door                             # local_vars=9
niMedica.int    ; New Reno "Doctor Skill" Upgrade               # local_vars=10
niPrstLk.int    ; New Reno Prostitute"Locker"                   # local_vars=1
niBigJLk.int    ; New Reno Big Jesus "Locker"                   # local_vars=1
niMor1Lk.int    ; New Reno Mordino No Lock/No Ignore "Locker"   # local_vars=1
niBoxrLk.int    ; New Reno Boxer "Locker"                       # local_vars=1
niBis1Lk.int    ; New Reno Bishop Family OK "Locker"            # local_vars=1
niPornLk.int    ; New Reno Porn Actress "Locker"                # local_vars=1
niBtchLk.int    ; New Reno Bitch "Locker"                       # local_vars=1
niBis2Lk.int    ; New Reno Bishop Family NO IGNORE "Locker"     # local_vars=1
niEldrLk.int    ; New Reno Eldridge "Locker"                    # local_vars=1
niWrT1Lk.int    ; New Reno Wright Teen NO IGNORE "Locker"       # local_vars=1
niOWriLk.int    ; New Reno Orville Wright "Locker"              # local_vars=1
niWrT2Lk.int    ; New Reno Wright Teen FAMILY IGNORE "Locker"   # local_vars=1
niMor1Lk.int    ; New Reno Mordino FAMILY IGNORE "Locker"       # local_vars=1
niMyGdLk.int    ; New Reno Myron Guard "Locker"                 # local_vars=1
niMor2Lk.int    ; New Reno Mordino NO IGNORE "Locker"           # local_vars=1
niMyrnLk.int    ; New Reno Myron "Locker"                       # local_vars=1
niChp1Lk.int    ; New Reno Chop Shop Boy LOCKED "Locker"        # local_vars=1
niChp2Lk.int    ; New Reno Chop Shop Boy NO-LOCK "Locker"       # local_vars=1
niTryLk.int     ; New Reno Tray "Locker"                        # local_vars=1
niMor3Lk.int    ; New Reno Mordino locker, no warning           # local_vars=1
rndToxic.int    ; Map Script                                    # local_vars=10
ECirrad.int     ; Critter is hidden and irradiates.             # local_vars=3
ECTinWod.int    ; Tin Woodsman                                  # local_vars=10
RNDTinWd.int    ; Tin Woodsman Map Script                       # local_vars=10
ecGrdFrv.int    ; Guardian of Forever                           # local_vars=1
rndForvr.int    ; Guardian of Forever Rnd Enct Map Script       # local_vars=0
ecGrdTrm.int    ; Guardian of Forever Water Chip terminal       # local_vars=1
niEld2Lk.int    ; New Reno Eldridge "Locker" HARD LOCK          # local_vars=1
SIRagobj.int    ; Uhh box that rondo cares about it.            # local_vars=10
sfchina2.int    ; China 2 Map Script                            # local_vars=10
WCDedBot.int    ; Fighting Bot that does nothing                # local_vars=10
KCWupass.int    ; Klamath Guard Robot under Toxic Caves         # local_vars=3
viHarWch.int    ; VCty - Harry Watch Script                     # local_vars=1
viEdWch.int     ; VCty - Ed Watch Script                        # local_vars=1
viAndWch.int    ; VCty - Doc Andrew Watch Script                # local_vars=1
viLynWch.int    ; VCty - Lynette Watch Script                   # local_vars=1
viGrgWch.int    ; VCty - Gregory Watch Script                   # local_vars=1
viCGWch1.int    ; VCty - Prison Door Watch Script               # local_vars=1
viCGWch2.int    ; VCty - Greeting Watch Script                  # local_vars=1
viRNWch1.int    ; VCty - Randal1 Watch Script                   # local_vars=1
viRNWch2.int    ; VCty - Randal2 Watch Script                   # local_vars=1
viStkWch.int    ; VCty - Stark Watch Script                     # local_vars=1
viBarWch.int    ; VCty - Barkus Watch Script                    # local_vars=1
viVLWch1.int    ; VCty - Valerie1 Watch Script                  # local_vars=1
viVLWch2.int    ; VCty - Valerie2 Watch Script                  # local_vars=1
viWalWch.int    ; VCty - Wallace Watch Script                   # local_vars=1
viSkvWch.int    ; VCty - Greeting Watch Script                  # local_vars=1
viInWch1.int    ; VCty - InGrd Watch Script                     # local_vars=1
viInWch2.int    ; VCty - InGrd Watch Script                     # local_vars=1
viInWch3.int    ; VCty - InGrd Watch Script                     # local_vars=1
viFamWch.int    ; VCty - GenFam Watch Script                    # local_vars=1
viCsWch1.int    ; VCty - Cassidy Watch Script                   # local_vars=1
FCDocSqa.int    ; San Fran Doc Squatters                        # local_vars=10
FCDocKid.int    ; San Fran Doc Kids                             # local_vars=10
RndWhale.int    ; Random Whale Map                              # local_vars=10
gcPercy.int     ; Percy Crump, Merchant in Gecko                # local_vars=10
giPerBox.int    ; Percy's Stock Box                             # local_vars=3
giJnkBox.int    ; Gecko Junkyard Temp Inventory Box             # local_vars=2
niWriDor.int    ; New Reno Wright Room Door                     # local_vars=6
dcAnan.int      ; The Great Ananias, Mummy Master               # local_vars=8
rndUvilg.int    ; Map Script Unwashed                           # local_vars=10
ecwash.int      ; Villagers on the above map                    # local_vars=10
ecspammr.int    ; Spammer in Unwashed                           # local_vars=10
eiSanMap.int    ; Military Base San Francisco Map               # local_vars=10
rndShutl.int    ; Random Shuttle encounter map                  # local_vars=10
rndParih.int    ; Random Pariah Map Script                      # local_vars=10
rndBHead.int    ; Random Big Head map                           # local_vars=10
rndcafe.int     ; Random Cafe Map                               # local_vars=10
zinuke.int      ; Nuka Cola Machine                             # local_vars=4
sfdock.int      ; map script for San Fran Dock                  # local_vars=10
ciCrisDr.int    ; Chris's Door                                  # local_vars=10
rtlndmin.int    ; Redding Land Mines                            # local_vars=8
wtlndmin.int    ; Sierra Depot Land Mines                       # local_vars=8
ncExSpou.int    ; New Reno Ex-Spouse script                     # local_vars=1
ecMel.int       ; Mel That dog meat creates                     # local_vars=9
ciVent.int      ; Vent into Navarro                             # local_vars=10
ccKevin.int     ; Kevin in Navarro                              # local_vars=8
csAlarm.int     ; Navarro base on alert lights                  # local_vars=1
ciQunWch.int    ; Quincy Locker Watch Script                    # local_vars=1
ciRulWch.int    ; Raul Locker Watch Script                      # local_vars=1
ciCmdWch.int    ; Commanded Locker Watch Script                 # local_vars=1
hdstat.int      ; NCR Statue                                    # local_vars=10
ctFob.int       ; Fob EXP Spatial Script                        # local_vars=1
ctPlans.int     ; Vertibird EXP Spatial Script                  # local_vars=1
ctK9Part.int    ; K9 Part EXP Spatial Script                    # local_vars=1
csArea2.int     ; Script to signal if dude enters an area       # local_vars=10
csOpen2.int     ; Script to signal if dude uses door w/o permis # local_vars=1
ctSound.int     ; Soundproof Room Spatial Script                # local_vars=1
csOpen3.int     ; Script to signal if dude uses door w/o permis # local_vars=1
ECTlkMon.int    ; Talking Moonshiners                           # local_vars=8
ziWeakLk.int    ; Generic Weak Lock Watch Script                # local_vars=1
ziMedmLk.int    ; Generic Medium Lock Watch Script              # local_vars=1
dcCarnKd.int    ; Carny Kid - The Den                           # local_vars=1
ciDocWch.int    ; Raul Locker Watch Script                      # local_vars=1
ziHardLk.int    ; Generic Hard Lock Watch Script                # local_vars=1
CIMine.int      ; Mines in Navarro                              # local_vars=6
niBisHLk.int    ; New Reno Bishop Hard Locker                   # local_vars=1
niBisHDr.int    ; New Reno Bishop Hard Locked Door              # local_vars=6
ntRicRom.int    ; New Reno Richard Wright Room Spacial          # local_vars=1
TBSRVC01.int    ; Tibbets interrogation room map                # local_vars=0
TMP1.int    ; Placeholder                # local_vars=10
TMP2.int    ; Placeholder                # local_vars=10
TMP3.int    ; Placeholder                # local_vars=10
TMP4.int    ; Placeholder                # local_vars=10
TMP5.int    ; Placeholder                # local_vars=10
TMP6.int    ; Placeholder                # local_vars=10
TMP7.int    ; Placeholder                # local_vars=10
TMP8.int    ; Placeholder                # local_vars=10
TMP9.int    ; Placeholder                # local_vars=10
TMP10.int    ; Placeholder                # local_vars=10
TMP11.int    ; Placeholder                # local_vars=10
TMP12.int    ; Placeholder                # local_vars=10
TMP13.int    ; Placeholder                # local_vars=10
TMP14.int    ; Placeholder                # local_vars=10
TMP15.int    ; Placeholder                # local_vars=10
TMP16.int    ; Placeholder                # local_vars=10
TMP17.int    ; Placeholder                # local_vars=10
TMP18.int    ; Placeholder                # local_vars=10
TMP19.int    ; Placeholder                # local_vars=10
TMP20.int    ; Placeholder                # local_vars=10
TMP21.int    ; Placeholder                # local_vars=10
TMP22.int    ; Placeholder                # local_vars=10
TMP23.int    ; Placeholder                # local_vars=10
TMP24.int    ; Placeholder                # local_vars=10
TMP25.int    ; Placeholder                # local_vars=10
TMP26.int    ; Placeholder                # local_vars=10
TMP27.int    ; Placeholder                # local_vars=10
TMP28.int    ; Placeholder                # local_vars=10
TMP29.int    ; Placeholder                # local_vars=10
TMP30.int    ; Placeholder                # local_vars=10
TMP31.int    ; Placeholder                # local_vars=10
TMP32.int    ; Placeholder                # local_vars=10
TMP33.int    ; Placeholder                # local_vars=10
TMP34.int    ; Placeholder                # local_vars=10
TMP35.int    ; Placeholder                # local_vars=10
TMP36.int    ; Placeholder                # local_vars=10
TMP37.int    ; Placeholder                # local_vars=10
TMP38.int    ; Placeholder                # local_vars=10
TMP39.int    ; Placeholder                # local_vars=10
TMP40.int    ; Placeholder                # local_vars=10
TMP41.int    ; Placeholder                # local_vars=10
TMP42.int    ; Placeholder                # local_vars=10
TMP43.int    ; Placeholder                # local_vars=10
TMP44.int    ; Placeholder                # local_vars=10
TMP45.int    ; Placeholder                # local_vars=10
TMP46.int    ; Placeholder                # local_vars=10
TMP47.int    ; Placeholder                # local_vars=10
TMP48.int    ; Placeholder                # local_vars=10
TMP49.int    ; Placeholder                # local_vars=10
TMP50.int    ; Placeholder                # local_vars=10
TMP51.int    ; Placeholder                # local_vars=10
TMP52.int    ; Placeholder                # local_vars=10
TMP53.int    ; Placeholder                # local_vars=10
TMP54.int    ; Placeholder                # local_vars=10
TMP55.int    ; Placeholder                # local_vars=10
TMP56.int    ; Placeholder                # local_vars=10
TMP57.int    ; Placeholder                # local_vars=10
TMP58.int    ; Placeholder                # local_vars=10
TMP59.int    ; Placeholder                # local_vars=10
TMP60.int    ; Placeholder                # local_vars=10
TMP61.int    ; Placeholder                # local_vars=10
TMP62.int    ; Placeholder                # local_vars=10
TMP63.int    ; Placeholder                # local_vars=10
TMP64.int    ; Placeholder                # local_vars=10
TMP65.int    ; Placeholder                # local_vars=10
TMP66.int    ; Placeholder                # local_vars=10
TMP67.int    ; Placeholder                # local_vars=10
TMP68.int    ; Placeholder                # local_vars=10
TMP69.int    ; Placeholder                # local_vars=10
TMP70.int    ; Placeholder                # local_vars=10
TMP71.int    ; Placeholder                # local_vars=10
TMP72.int    ; Placeholder                # local_vars=10
TMP73.int    ; Placeholder                # local_vars=10
TMP74.int    ; Placeholder                # local_vars=10
TMP75.int    ; Placeholder                # local_vars=10
TMP76.int    ; Placeholder                # local_vars=10
TMP77.int    ; Placeholder                # local_vars=10
TMP78.int    ; Placeholder                # local_vars=10
TMP79.int    ; Placeholder                # local_vars=10
TMP80.int    ; Placeholder                # local_vars=10
TMP81.int    ; Placeholder                # local_vars=10
TMP82.int    ; Placeholder                # local_vars=10
TMP83.int    ; Placeholder                # local_vars=10
TMP84.int    ; Placeholder                # local_vars=10
TMP85.int    ; Placeholder                # local_vars=10
TMP86.int    ; Placeholder                # local_vars=10
TMP87.int    ; Placeholder                # local_vars=10
TMP88.int    ; Placeholder                # local_vars=10
TMP89.int    ; Placeholder                # local_vars=10
TMP90.int    ; Placeholder                # local_vars=10
TMP91.int    ; Placeholder                # local_vars=10
TMP92.int    ; Placeholder                # local_vars=10
TMP93.int    ; Placeholder                # local_vars=10
TMP94.int    ; Placeholder                # local_vars=10
TMP95.int    ; Placeholder                # local_vars=10
TMP96.int    ; Placeholder                # local_vars=10
TMP97.int    ; Placeholder                # local_vars=10
TMP98.int    ; Placeholder                # local_vars=10
TMP99.int    ; Placeholder                # local_vars=10
TMP100.int    ; Placeholder                # local_vars=10
TMP101.int    ; Placeholder                # local_vars=10
TMP102.int    ; Placeholder                # local_vars=10
TMP103.int    ; Placeholder                # local_vars=10
TMP104.int    ; Placeholder                # local_vars=10
TMP105.int    ; Placeholder                # local_vars=10
TMP106.int    ; Placeholder                # local_vars=10
TMP107.int    ; Placeholder                # local_vars=10
TMP108.int    ; Placeholder                # local_vars=10
TMP109.int    ; Placeholder                # local_vars=10
TMP110.int    ; Placeholder                # local_vars=10
TMP111.int    ; Placeholder                # local_vars=10
TMP112.int    ; Placeholder                # local_vars=10
TMP113.int    ; Placeholder                # local_vars=10
TMP114.int    ; Placeholder                # local_vars=10
TMP115.int    ; Placeholder                # local_vars=10
TMP116.int    ; Placeholder                # local_vars=10
TMP117.int    ; Placeholder                # local_vars=10
TMP118.int    ; Placeholder                # local_vars=10
TMP119.int    ; Placeholder                # local_vars=10
TMP120.int    ; Placeholder                # local_vars=10
TMP121.int    ; Placeholder                # local_vars=10
TMP122.int    ; Placeholder                # local_vars=10
TMP123.int    ; Placeholder                # local_vars=10
TMP124.int    ; Placeholder                # local_vars=10
TMP125.int    ; Placeholder                # local_vars=10
TMP126.int    ; Placeholder                # local_vars=10
TMP127.int    ; Placeholder                # local_vars=10
TMP128.int    ; Placeholder                # local_vars=10
TMP129.int    ; Placeholder                # local_vars=10
TMP130.int    ; Placeholder                # local_vars=10
TMP131.int    ; Placeholder                # local_vars=10
TMP132.int    ; Placeholder                # local_vars=10
TMP133.int    ; Placeholder                # local_vars=10
TMP134.int    ; Placeholder                # local_vars=10
TMP135.int    ; Placeholder                # local_vars=10
TMP136.int    ; Placeholder                # local_vars=10
TMP137.int    ; Placeholder                # local_vars=10
TMP138.int    ; Placeholder                # local_vars=10
TMP139.int    ; Placeholder                # local_vars=10
TMP140.int    ; Placeholder                # local_vars=10
TMP141.int    ; Placeholder                # local_vars=10
TMP142.int    ; Placeholder                # local_vars=10
TMP143.int    ; Placeholder                # local_vars=10
TMP144.int    ; Placeholder                # local_vars=10
TMP145.int    ; Placeholder                # local_vars=10
TMP146.int    ; Placeholder                # local_vars=10
TMP147.int    ; Placeholder                # local_vars=10
TMP148.int    ; Placeholder                # local_vars=10
TMP149.int    ; Placeholder                # local_vars=10
TMP150.int    ; Placeholder                # local_vars=10
TMP151.int    ; Placeholder                # local_vars=10
TMP152.int    ; Placeholder                # local_vars=10
TMP153.int    ; Placeholder                # local_vars=10
TMP154.int    ; Placeholder                # local_vars=10
TMP155.int    ; Placeholder                # local_vars=10
TMP156.int    ; Placeholder                # local_vars=10
TMP157.int    ; Placeholder                # local_vars=10
TMP158.int    ; Placeholder                # local_vars=10
TMP159.int    ; Placeholder                # local_vars=10
TMP160.int    ; Placeholder                # local_vars=10
TMP161.int    ; Placeholder                # local_vars=10
TMP162.int    ; Placeholder                # local_vars=10
TMP163.int    ; Placeholder                # local_vars=10
TMP164.int    ; Placeholder                # local_vars=10
TMP165.int    ; Placeholder                # local_vars=10
TMP166.int    ; Placeholder                # local_vars=10
TMP167.int    ; Placeholder                # local_vars=10
TMP168.int    ; Placeholder                # local_vars=10
TMP169.int    ; Placeholder                # local_vars=10
TMP170.int    ; Placeholder                # local_vars=10
TMP171.int    ; Placeholder                # local_vars=10
TMP172.int    ; Placeholder                # local_vars=10
TMP173.int    ; Placeholder                # local_vars=10
TMP174.int    ; Placeholder                # local_vars=10
TMP175.int    ; Placeholder                # local_vars=10
TMP176.int    ; Placeholder                # local_vars=10
TMP177.int    ; Placeholder                # local_vars=10
TMP178.int    ; Placeholder                # local_vars=10
TMP179.int    ; Placeholder                # local_vars=10
TMP180.int    ; Placeholder                # local_vars=10
TMP181.int    ; Placeholder                # local_vars=10
TMP182.int    ; Placeholder                # local_vars=10
TMP183.int    ; Placeholder                # local_vars=10
TMP184.int    ; Placeholder                # local_vars=10
TMP185.int    ; Placeholder                # local_vars=10
TMP186.int    ; Placeholder                # local_vars=10
TMP187.int    ; Placeholder                # local_vars=10
TMP188.int    ; Placeholder                # local_vars=10
TMP189.int    ; Placeholder                # local_vars=10
TMP190.int    ; Placeholder                # local_vars=10
TMP191.int    ; Placeholder                # local_vars=10
TMP192.int    ; Placeholder                # local_vars=10
TMP193.int    ; Placeholder                # local_vars=10
TMP194.int    ; Placeholder                # local_vars=10
TMP195.int    ; Placeholder                # local_vars=10
TMP196.int    ; Placeholder                # local_vars=10
TMP197.int    ; Placeholder                # local_vars=10
TMP198.int    ; Placeholder                # local_vars=10
TMP199.int    ; Placeholder                # local_vars=10
TMP200.int    ; Placeholder                # local_vars=10
TMP201.int    ; Placeholder                # local_vars=10
TMP202.int    ; Placeholder                # local_vars=10
TMP203.int    ; Placeholder                # local_vars=10
TMP204.int    ; Placeholder                # local_vars=10
TMP205.int    ; Placeholder                # local_vars=10
TMP206.int    ; Placeholder                # local_vars=10
TMP207.int    ; Placeholder                # local_vars=10
TMP208.int    ; Placeholder                # local_vars=10
TMP209.int    ; Placeholder                # local_vars=10
TMP210.int    ; Placeholder                # local_vars=10
TMP211.int    ; Placeholder                # local_vars=10
TMP212.int    ; Placeholder                # local_vars=10
TMP213.int    ; Placeholder                # local_vars=10
TMP214.int    ; Placeholder                # local_vars=10
TMP215.int    ; Placeholder                # local_vars=10
TMP216.int    ; Placeholder                # local_vars=10
TMP217.int    ; Placeholder                # local_vars=10
TMP218.int    ; Placeholder                # local_vars=10
TMP219.int    ; Placeholder                # local_vars=10
TMP220.int    ; Placeholder                # local_vars=10
TMP221.int    ; Placeholder                # local_vars=10
TMP222.int    ; Placeholder                # local_vars=10
TMP223.int    ; Placeholder                # local_vars=10
TMP224.int    ; Placeholder                # local_vars=10
TMP225.int    ; Placeholder                # local_vars=10
TMP226.int    ; Placeholder                # local_vars=10
TMP227.int    ; Placeholder                # local_vars=10
TMP228.int    ; Placeholder                # local_vars=10
TMP229.int    ; Placeholder                # local_vars=10
TMP230.int    ; Placeholder                # local_vars=10
TMP231.int    ; Placeholder                # local_vars=10
TMP232.int    ; Placeholder                # local_vars=10
TMP233.int    ; Placeholder                # local_vars=10
TMP234.int    ; Placeholder                # local_vars=10
TMP235.int    ; Placeholder                # local_vars=10
TMP236.int    ; Placeholder                # local_vars=10
TMP237.int    ; Placeholder                # local_vars=10
TMP238.int    ; Placeholder                # local_vars=10
TMP239.int    ; Placeholder                # local_vars=10
TMP240.int    ; Placeholder                # local_vars=10
TMP241.int    ; Placeholder                # local_vars=10
TMP242.int    ; Placeholder                # local_vars=10
TMP243.int    ; Placeholder                # local_vars=10
TMP244.int    ; Placeholder                # local_vars=10
TMP245.int    ; Placeholder                # local_vars=10
TMP246.int    ; Placeholder                # local_vars=10
TMP247.int    ; Placeholder                # local_vars=10
TMP248.int    ; Placeholder                # local_vars=10
TMP249.int    ; Placeholder                # local_vars=10
TMP250.int    ; Placeholder                # local_vars=10
TMP251.int    ; Placeholder                # local_vars=10
TMP252.int    ; Placeholder                # local_vars=10
TMP253.int    ; Placeholder                # local_vars=10
TMP254.int    ; Placeholder                # local_vars=10
TMP255.int    ; Placeholder                # local_vars=10
TMP256.int    ; Placeholder                # local_vars=10
TMP257.int    ; Placeholder                # local_vars=10
TMP258.int    ; Placeholder                # local_vars=10
TMP259.int    ; Placeholder                # local_vars=10
TMP260.int    ; Placeholder                # local_vars=10
TMP261.int    ; Placeholder                # local_vars=10
TMP262.int    ; Placeholder                # local_vars=10
TMP263.int    ; Placeholder                # local_vars=10
TMP264.int    ; Placeholder                # local_vars=10
TMP265.int    ; Placeholder                # local_vars=10
TMP266.int    ; Placeholder                # local_vars=10
TMP267.int    ; Placeholder                # local_vars=10
TMP268.int    ; Placeholder                # local_vars=10
TMP269.int    ; Placeholder                # local_vars=10
TMP270.int    ; Placeholder                # local_vars=10
TMP271.int    ; Placeholder                # local_vars=10
TMP272.int    ; Placeholder                # local_vars=10
TMP273.int    ; Placeholder                # local_vars=10
TMP274.int    ; Placeholder                # local_vars=10
TMP275.int    ; Placeholder                # local_vars=10
TMP276.int    ; Placeholder                # local_vars=10
TMP277.int    ; Placeholder                # local_vars=10
TMP278.int    ; Placeholder                # local_vars=10
TMP279.int    ; Placeholder                # local_vars=10
TMP280.int    ; Placeholder                # local_vars=10
TMP281.int    ; Placeholder                # local_vars=10
TMP282.int    ; Placeholder                # local_vars=10
TMP283.int    ; Placeholder                # local_vars=10
TMP284.int    ; Placeholder                # local_vars=10
TMP285.int    ; Placeholder                # local_vars=10
TMP286.int    ; Placeholder                # local_vars=10
TMP287.int    ; Placeholder                # local_vars=10
TMP288.int    ; Placeholder                # local_vars=10
TMP289.int    ; Placeholder                # local_vars=10
TMP290.int    ; Placeholder                # local_vars=10
TMP291.int    ; Placeholder                # local_vars=10
TMP292.int    ; Placeholder                # local_vars=10
TMP293.int    ; Placeholder                # local_vars=10
TMP294.int    ; Placeholder                # local_vars=10
TMP295.int    ; Placeholder                # local_vars=10
TMP296.int    ; Placeholder                # local_vars=10
TMP297.int    ; Placeholder                # local_vars=10
TMP298.int    ; Placeholder                # local_vars=10
TMP299.int    ; Placeholder                # local_vars=10
TMP300.int    ; Placeholder                # local_vars=10
TMP301.int    ; Placeholder                # local_vars=10
TMP302.int    ; Placeholder                # local_vars=10
TMP303.int    ; Placeholder                # local_vars=10
TMP304.int    ; Placeholder                # local_vars=10
TMP305.int    ; Placeholder                # local_vars=10
TMP306.int    ; Placeholder                # local_vars=10
TMP307.int    ; Placeholder                # local_vars=10
TMP308.int    ; Placeholder                # local_vars=10
TMP309.int    ; Placeholder                # local_vars=10
TMP310.int    ; Placeholder                # local_vars=10
TMP311.int    ; Placeholder                # local_vars=10
TMP312.int    ; Placeholder                # local_vars=10
TMP313.int    ; Placeholder                # local_vars=10
TMP314.int    ; Placeholder                # local_vars=10
TMP315.int    ; Placeholder                # local_vars=10
TMP316.int    ; Placeholder                # local_vars=10
TMP317.int    ; Placeholder                # local_vars=10
TMP318.int    ; Placeholder                # local_vars=10
TMP319.int    ; Placeholder                # local_vars=10
TMP320.int    ; Placeholder                # local_vars=10
TMP321.int    ; Placeholder                # local_vars=10
TMP322.int    ; Placeholder                # local_vars=10
TMP323.int    ; Placeholder                # local_vars=10
TMP324.int    ; Placeholder                # local_vars=10
TMP325.int    ; Placeholder                # local_vars=10
TMP326.int    ; Placeholder                # local_vars=10
TMP327.int    ; Placeholder                # local_vars=10
TMP328.int    ; Placeholder                # local_vars=10
TMP329.int    ; Placeholder                # local_vars=10
TMP330.int    ; Placeholder                # local_vars=10
TMP331.int    ; Placeholder                # local_vars=10
TMP332.int    ; Placeholder                # local_vars=10
TMP333.int    ; Placeholder                # local_vars=10
TMP334.int    ; Placeholder                # local_vars=10
TMP335.int    ; Placeholder                # local_vars=10
TMP336.int    ; Placeholder                # local_vars=10
TMP337.int    ; Placeholder                # local_vars=10
TMP338.int    ; Placeholder                # local_vars=10
TMP339.int    ; Placeholder                # local_vars=10
TMP340.int    ; Placeholder                # local_vars=10
TMP341.int    ; Placeholder                # local_vars=10
TMP342.int    ; Placeholder                # local_vars=10
TMP343.int    ; Placeholder                # local_vars=10
TMP344.int    ; Placeholder                # local_vars=10
TMP345.int    ; Placeholder                # local_vars=10
TMP346.int    ; Placeholder                # local_vars=10
TMP347.int    ; Placeholder                # local_vars=10
TMP348.int    ; Placeholder                # local_vars=10
TMP349.int    ; Placeholder                # local_vars=10
TMP350.int    ; Placeholder                # local_vars=10
TMP351.int    ; Placeholder                # local_vars=10
TMP352.int    ; Placeholder                # local_vars=10
TMP353.int    ; Placeholder                # local_vars=10
TMP354.int    ; Placeholder                # local_vars=10
TMP355.int    ; Placeholder                # local_vars=10
TMP356.int    ; Placeholder                # local_vars=10
TMP357.int    ; Placeholder                # local_vars=10
TMP358.int    ; Placeholder                # local_vars=10
TMP359.int    ; Placeholder                # local_vars=10
TMP360.int    ; Placeholder                # local_vars=10
TMP361.int    ; Placeholder                # local_vars=10
TMP362.int    ; Placeholder                # local_vars=10
TMP363.int    ; Placeholder                # local_vars=10
TMP364.int    ; Placeholder                # local_vars=10
TMP365.int    ; Placeholder                # local_vars=10
TMP366.int    ; Placeholder                # local_vars=10
TMP367.int    ; Placeholder                # local_vars=10
TMP368.int    ; Placeholder                # local_vars=10
TMP369.int    ; Placeholder                # local_vars=10
TMP370.int    ; Placeholder                # local_vars=10
TMP371.int    ; Placeholder                # local_vars=10
TMP372.int    ; Placeholder                # local_vars=10
TMP373.int    ; Placeholder                # local_vars=10
TMP374.int    ; Placeholder                # local_vars=10
TMP375.int    ; Placeholder                # local_vars=10
TMP376.int    ; Placeholder                # local_vars=10
TMP377.int    ; Placeholder                # local_vars=10
TMP378.int    ; Placeholder                # local_vars=10
TMP379.int    ; Placeholder                # local_vars=10
TMP380.int    ; Placeholder                # local_vars=10
TMP381.int    ; Placeholder                # local_vars=10
TMP382.int    ; Placeholder                # local_vars=10
TMP383.int    ; Placeholder                # local_vars=10
TMP384.int    ; Placeholder                # local_vars=10
TMP385.int    ; Placeholder                # local_vars=10
TMP386.int    ; Placeholder                # local_vars=10
TMP387.int    ; Placeholder                # local_vars=10
TMP388.int    ; Placeholder                # local_vars=10
TMP389.int    ; Placeholder                # local_vars=10
TMP390.int    ; Placeholder                # local_vars=10
TMP391.int    ; Placeholder                # local_vars=10
TMP392.int    ; Placeholder                # local_vars=10
TMP393.int    ; Placeholder                # local_vars=10
TMP394.int    ; Placeholder                # local_vars=10
TMP395.int    ; Placeholder                # local_vars=10
TMP396.int    ; Placeholder                # local_vars=10
TMP397.int    ; Placeholder                # local_vars=10
TMP398.int    ; Placeholder                # local_vars=10
TMP399.int    ; Placeholder                # local_vars=10
TMP400.int    ; Placeholder                # local_vars=10
TMP401.int    ; Placeholder                # local_vars=10
TMP402.int    ; Placeholder                # local_vars=10
TMP403.int    ; Placeholder                # local_vars=10
TMP404.int    ; Placeholder                # local_vars=10
TMP405.int    ; Placeholder                # local_vars=10
TMP406.int    ; Placeholder                # local_vars=10
TMP407.int    ; Placeholder                # local_vars=10
TMP408.int    ; Placeholder                # local_vars=10
TMP409.int    ; Placeholder                # local_vars=10
TMP410.int    ; Placeholder                # local_vars=10
TMP411.int    ; Placeholder                # local_vars=10
TMP412.int    ; Placeholder                # local_vars=10
TMP413.int    ; Placeholder                # local_vars=10
TMP414.int    ; Placeholder                # local_vars=10
TMP415.int    ; Placeholder                # local_vars=10
TMP416.int    ; Placeholder                # local_vars=10
TMP417.int    ; Placeholder                # local_vars=10
TMP418.int    ; Placeholder                # local_vars=10
TMP419.int    ; Placeholder                # local_vars=10
TMP420.int    ; Placeholder                # local_vars=10
TMP421.int    ; Placeholder                # local_vars=10
TMP422.int    ; Placeholder                # local_vars=10
TMP423.int    ; Placeholder                # local_vars=10
TMP424.int    ; Placeholder                # local_vars=10
TMP425.int    ; Placeholder                # local_vars=10
TMP426.int    ; Placeholder                # local_vars=10
TMP427.int    ; Placeholder                # local_vars=10
TMP428.int    ; Placeholder                # local_vars=10
TMP429.int    ; Placeholder                # local_vars=10
TMP430.int    ; Placeholder                # local_vars=10
TMP431.int    ; Placeholder                # local_vars=10
TMP432.int    ; Placeholder                # local_vars=10
TMP433.int    ; Placeholder                # local_vars=10
TMP434.int    ; Placeholder                # local_vars=10
TMP435.int    ; Placeholder                # local_vars=10
TMP436.int    ; Placeholder                # local_vars=10
TMP437.int    ; Placeholder                # local_vars=10
TMP438.int    ; Placeholder                # local_vars=10
TMP439.int    ; Placeholder                # local_vars=10
TMP440.int    ; Placeholder                # local_vars=10
TMP441.int    ; Placeholder                # local_vars=10
TMP442.int    ; Placeholder                # local_vars=10
TMP443.int    ; Placeholder                # local_vars=10
TMP444.int    ; Placeholder                # local_vars=10
TMP445.int    ; Placeholder                # local_vars=10
TMP446.int    ; Placeholder                # local_vars=10
TMP447.int    ; Placeholder                # local_vars=10
TMP448.int    ; Placeholder                # local_vars=10
TMP449.int    ; Placeholder                # local_vars=10
TMP450.int    ; Placeholder                # local_vars=10
TMP451.int    ; Placeholder                # local_vars=10
TMP452.int    ; Placeholder                # local_vars=10
TMP453.int    ; Placeholder                # local_vars=10
TMP454.int    ; Placeholder                # local_vars=10
TMP455.int    ; Placeholder                # local_vars=10
TMP456.int    ; Placeholder                # local_vars=10
TMP457.int    ; Placeholder                # local_vars=10
TMP458.int    ; Placeholder                # local_vars=10
TMP459.int    ; Placeholder                # local_vars=10
TMP460.int    ; Placeholder                # local_vars=10
TMP461.int    ; Placeholder                # local_vars=10
TMP462.int    ; Placeholder                # local_vars=10
TMP463.int    ; Placeholder                # local_vars=10
TMP464.int    ; Placeholder                # local_vars=10
TMP465.int    ; Placeholder                # local_vars=10
TMP466.int    ; Placeholder                # local_vars=10
TMP467.int    ; Placeholder                # local_vars=10
TMP468.int    ; Placeholder                # local_vars=10
TMP469.int    ; Placeholder                # local_vars=10
TMP470.int    ; Placeholder                # local_vars=10
TMP471.int    ; Placeholder                # local_vars=10
TMP472.int    ; Placeholder                # local_vars=10
TMP473.int    ; Placeholder                # local_vars=10
TMP474.int    ; Placeholder                # local_vars=10
TMP475.int    ; Placeholder                # local_vars=10
TMP476.int    ; Placeholder                # local_vars=10
TMP477.int    ; Placeholder                # local_vars=10
TMP478.int    ; Placeholder                # local_vars=10
TMP479.int    ; Placeholder                # local_vars=10
TMP480.int    ; Placeholder                # local_vars=10
TMP481.int    ; Placeholder                # local_vars=10
TMP482.int    ; Placeholder                # local_vars=10
TMP483.int    ; Placeholder                # local_vars=10
TMP484.int    ; Placeholder                # local_vars=10
TMP485.int    ; Placeholder                # local_vars=10
TMP486.int    ; Placeholder                # local_vars=10
TMP487.int    ; Placeholder                # local_vars=10
TMP488.int    ; Placeholder                # local_vars=10
TMP489.int    ; Placeholder                # local_vars=10
TMP490.int    ; Placeholder                # local_vars=10
TMP491.int    ; Placeholder                # local_vars=10
TMP492.int    ; Placeholder                # local_vars=10
TMP493.int    ; Placeholder                # local_vars=10
TMP494.int    ; Placeholder                # local_vars=10
TMP495.int    ; Placeholder                # local_vars=10
TMP496.int    ; Placeholder                # local_vars=10
TMP497.int    ; Placeholder                # local_vars=10
TMP498.int    ; Placeholder                # local_vars=10
TMP499.int    ; Placeholder                # local_vars=10
TMP500.int    ; Placeholder                # local_vars=50
TMP501.int    ; Placeholder                # local_vars=10
TMP502.int    ; Placeholder                # local_vars=10
TMP503.int    ; Placeholder                # local_vars=10
TMP504.int    ; Placeholder                # local_vars=10
TMP505.int    ; Placeholder                # local_vars=10
TMP506.int    ; Placeholder                # local_vars=10
TMP507.int    ; Placeholder                # local_vars=10
TMP508.int    ; Placeholder                # local_vars=10
TMP509.int    ; Placeholder                # local_vars=10
TMP510.int    ; Placeholder                # local_vars=10
TMP511.int    ; Placeholder                # local_vars=10
TMP512.int    ; Placeholder                # local_vars=10
TMP513.int    ; Placeholder                # local_vars=10
TMP514.int    ; Placeholder                # local_vars=10
TMP515.int    ; Placeholder                # local_vars=10
TMP516.int    ; Placeholder                # local_vars=10
TMP517.int    ; Placeholder                # local_vars=10
TMP518.int    ; Placeholder                # local_vars=10
TMP519.int    ; Placeholder                # local_vars=10
TMP520.int    ; Placeholder                # local_vars=10
TMP521.int    ; Placeholder                # local_vars=10
TMP522.int    ; Placeholder                # local_vars=10
TMP523.int    ; Placeholder                # local_vars=10
TMP524.int    ; Placeholder                # local_vars=10
TMP525.int    ; Placeholder                # local_vars=10
TMP526.int    ; Placeholder                # local_vars=10
TMP527.int    ; Placeholder                # local_vars=10
TMP528.int    ; Placeholder                # local_vars=10
TMP529.int    ; Placeholder                # local_vars=10
TMP530.int    ; Placeholder                # local_vars=10
TMP531.int    ; Placeholder                # local_vars=10
TMP532.int    ; Placeholder                # local_vars=10
TMP533.int    ; Placeholder                # local_vars=10
TMP534.int    ; Placeholder                # local_vars=10
TMP535.int    ; Placeholder                # local_vars=10
TMP536.int    ; Placeholder                # local_vars=10
TMP537.int    ; Placeholder                # local_vars=10
TMP538.int    ; Placeholder                # local_vars=10
TMP539.int    ; Placeholder                # local_vars=10
TMP540.int    ; Placeholder                # local_vars=10
TMP541.int    ; Placeholder                # local_vars=10
TMP542.int    ; Placeholder                # local_vars=10
TMP543.int    ; Placeholder                # local_vars=10
TMP544.int    ; Placeholder                # local_vars=10
TMP545.int    ; Placeholder                # local_vars=10
TMP546.int    ; Placeholder                # local_vars=10
TMP547.int    ; Placeholder                # local_vars=10
TMP548.int    ; Placeholder                # local_vars=10
TMP549.int    ; Placeholder                # local_vars=10
TMP550.int    ; Placeholder                # local_vars=10
TMP551.int    ; Placeholder                # local_vars=10
TMP552.int    ; Placeholder                # local_vars=10
TMP553.int    ; Placeholder                # local_vars=10
TMP554.int    ; Placeholder                # local_vars=10
TMP555.int    ; Placeholder                # local_vars=10
TMP556.int    ; Placeholder                # local_vars=10
TMP557.int    ; Placeholder                # local_vars=10
TMP558.int    ; Placeholder                # local_vars=10
TMP559.int    ; Placeholder                # local_vars=10
TMP560.int    ; Placeholder                # local_vars=10
TMP561.int    ; Placeholder                # local_vars=10
TMP562.int    ; Placeholder                # local_vars=10
TMP563.int    ; Placeholder                # local_vars=10
TMP564.int    ; Placeholder                # local_vars=10
TMP565.int    ; Placeholder                # local_vars=10
TMP566.int    ; Placeholder                # local_vars=10
TMP567.int    ; Placeholder                # local_vars=10
TMP568.int    ; Placeholder                # local_vars=10
TMP569.int    ; Placeholder                # local_vars=10
TMP570.int    ; Placeholder                # local_vars=10
TMP571.int    ; Placeholder                # local_vars=10
TMP572.int    ; Placeholder                # local_vars=10
TMP573.int    ; Placeholder                # local_vars=10
TMP574.int    ; Placeholder                # local_vars=10
TMP575.int    ; Placeholder                # local_vars=10
TMP576.int    ; Placeholder                # local_vars=10
TMP577.int    ; Placeholder                # local_vars=10
TMP578.int    ; Placeholder                # local_vars=10
TMP579.int    ; Placeholder                # local_vars=10
TMP580.int    ; Placeholder                # local_vars=10
TMP581.int    ; Placeholder                # local_vars=10
TMP582.int    ; Placeholder                # local_vars=10
TMP583.int    ; Placeholder                # local_vars=10
TMP584.int    ; Placeholder                # local_vars=10
TMP585.int    ; Placeholder                # local_vars=10
TMP586.int    ; Placeholder                # local_vars=10
TMP587.int    ; Placeholder                # local_vars=10
TMP588.int    ; Placeholder                # local_vars=10
TMP589.int    ; Placeholder                # local_vars=10
TMP590.int    ; Placeholder                # local_vars=10
TMP591.int    ; Placeholder                # local_vars=10
TMP592.int    ; Placeholder                # local_vars=10
TMP593.int    ; Placeholder                # local_vars=10
TMP594.int    ; Placeholder                # local_vars=10
TMP595.int    ; Placeholder                # local_vars=10
TMP596.int    ; Placeholder                # local_vars=10
TMP597.int    ; Placeholder                # local_vars=10
TMP598.int    ; Placeholder                # local_vars=10
TMP599.int    ; Placeholder                # local_vars=10
TMP600.int    ; Placeholder                # local_vars=10
TMP601.int    ; Placeholder                # local_vars=10
TMP602.int    ; Placeholder                # local_vars=10
TMP603.int    ; Placeholder                # local_vars=10
TMP604.int    ; Placeholder                # local_vars=10
TMP605.int    ; Placeholder                # local_vars=10
TMP606.int    ; Placeholder                # local_vars=10
TMP607.int    ; Placeholder                # local_vars=10
TMP608.int    ; Placeholder                # local_vars=10
TMP609.int    ; Placeholder                # local_vars=10
TMP610.int    ; Placeholder                # local_vars=10
TMP611.int    ; Placeholder                # local_vars=10
TMP612.int    ; Placeholder                # local_vars=10
TMP613.int    ; Placeholder                # local_vars=10
TMP614.int    ; Placeholder                # local_vars=10
TMP615.int    ; Placeholder                # local_vars=10
TMP616.int    ; Placeholder                # local_vars=10
TMP617.int    ; Placeholder                # local_vars=10
TMP618.int    ; Placeholder                # local_vars=10
TMP619.int    ; Placeholder                # local_vars=10
TMP620.int    ; Placeholder                # local_vars=10
TMP621.int    ; Placeholder                # local_vars=10
TMP622.int    ; Placeholder                # local_vars=10
TMP623.int    ; Placeholder                # local_vars=10
TMP624.int    ; Placeholder                # local_vars=10
TMP625.int    ; Placeholder                # local_vars=10
TMP626.int    ; Placeholder                # local_vars=10
TMP627.int    ; Placeholder                # local_vars=10
TMP628.int    ; Placeholder                # local_vars=10
TMP629.int    ; Placeholder                # local_vars=10
TMP630.int    ; Placeholder                # local_vars=10
TMP631.int    ; Placeholder                # local_vars=10
TMP632.int    ; Placeholder                # local_vars=10
TMP633.int    ; Placeholder                # local_vars=10
TMP634.int    ; Placeholder                # local_vars=10
TMP635.int    ; Placeholder                # local_vars=10
TMP636.int    ; Placeholder                # local_vars=10
TMP637.int    ; Placeholder                # local_vars=10
TMP638.int    ; Placeholder                # local_vars=10
TMP639.int    ; Placeholder                # local_vars=10
TMP640.int    ; Placeholder                # local_vars=10
TMP641.int    ; Placeholder                # local_vars=10
TMP642.int    ; Placeholder                # local_vars=10
TMP643.int    ; Placeholder                # local_vars=10
TMP644.int    ; Placeholder                # local_vars=10
TMP645.int    ; Placeholder                # local_vars=10
TMP646.int    ; Placeholder                # local_vars=10
TMP647.int    ; Placeholder                # local_vars=10
TMP648.int    ; Placeholder                # local_vars=10
TMP649.int    ; Placeholder                # local_vars=10
TMP650.int    ; Placeholder                # local_vars=10
TMP651.int    ; Placeholder                # local_vars=10
TMP652.int    ; Placeholder                # local_vars=10
TMP653.int    ; Placeholder                # local_vars=10
TMP654.int    ; Placeholder                # local_vars=10
TMP655.int    ; Placeholder                # local_vars=10
TMP656.int    ; Placeholder                # local_vars=10
TMP657.int    ; Placeholder                # local_vars=10
TMP658.int    ; Placeholder                # local_vars=10
TMP659.int    ; Placeholder                # local_vars=10
TMP660.int    ; Placeholder                # local_vars=10
TMP661.int    ; Placeholder                # local_vars=10
TMP662.int    ; Placeholder                # local_vars=10
TMP663.int    ; Placeholder                # local_vars=10
TMP664.int    ; Placeholder                # local_vars=10
TMP665.int    ; Placeholder                # local_vars=10
TMP666.int    ; Placeholder                # local_vars=10
TMP667.int    ; Placeholder                # local_vars=10
TMP668.int    ; Placeholder                # local_vars=10
TMP669.int    ; Placeholder                # local_vars=10
TMP670.int    ; Placeholder                # local_vars=10
TMP671.int    ; Placeholder                # local_vars=10
TMP672.int    ; Placeholder                # local_vars=10
TMP673.int    ; Placeholder                # local_vars=10
TMP674.int    ; Placeholder                # local_vars=10
TMP675.int    ; Placeholder                # local_vars=10
TMP676.int    ; Placeholder                # local_vars=10
TMP677.int    ; Placeholder                # local_vars=10
TMP678.int    ; Placeholder                # local_vars=10
TMP679.int    ; Placeholder                # local_vars=10
TMP680.int    ; Placeholder                # local_vars=10
TMP681.int    ; Placeholder                # local_vars=10
TMP682.int    ; Placeholder                # local_vars=10
TMP683.int    ; Placeholder                # local_vars=10
TMP684.int    ; Placeholder                # local_vars=10
TMP685.int    ; Placeholder                # local_vars=10
TMP686.int    ; Placeholder                # local_vars=10
TMP687.int    ; Placeholder                # local_vars=10
TMP688.int    ; Placeholder                # local_vars=10
TMP689.int    ; Placeholder                # local_vars=10
TMP690.int    ; Placeholder                # local_vars=10
TMP691.int    ; Placeholder                # local_vars=10
TMP692.int    ; Placeholder                # local_vars=10
TMP693.int    ; Placeholder                # local_vars=10
TMP694.int    ; Placeholder                # local_vars=10
TMP695.int    ; Placeholder                # local_vars=10
TMP696.int    ; Placeholder                # local_vars=10
TMP697.int    ; Placeholder                # local_vars=10
TMP698.int    ; Placeholder                # local_vars=10
TMP699.int    ; Placeholder                # local_vars=10
TMP700.int    ; Placeholder                # local_vars=10
TMP701.int    ; Placeholder                # local_vars=10
TMP702.int    ; Placeholder                # local_vars=10
TMP703.int    ; Placeholder                # local_vars=10
TMP704.int    ; Placeholder                # local_vars=10
TMP705.int    ; Placeholder                # local_vars=10
TMP706.int    ; Placeholder                # local_vars=10
TMP707.int    ; Placeholder                # local_vars=10
TMP708.int    ; Placeholder                # local_vars=10
TMP709.int    ; Placeholder                # local_vars=10
TMP710.int    ; Placeholder                # local_vars=10
TMP711.int    ; Placeholder                # local_vars=10
TMP712.int    ; Placeholder                # local_vars=10
TMP713.int    ; Placeholder                # local_vars=10
TMP714.int    ; Placeholder                # local_vars=10
TMP715.int    ; Placeholder                # local_vars=10
TMP716.int    ; Placeholder                # local_vars=10
TMP717.int    ; Placeholder                # local_vars=10
TMP718.int    ; Placeholder                # local_vars=10
TMP719.int    ; Placeholder                # local_vars=10
TMP720.int    ; Placeholder                # local_vars=10
TMP721.int    ; Placeholder                # local_vars=10
TMP722.int    ; Placeholder                # local_vars=10
TMP723.int    ; Placeholder                # local_vars=10
TMP724.int    ; Placeholder                # local_vars=10
TMP725.int    ; Placeholder                # local_vars=10
TMP726.int    ; Placeholder                # local_vars=10
TMP727.int    ; Placeholder                # local_vars=10
TMP728.int    ; Placeholder                # local_vars=10
TMP729.int    ; Placeholder                # local_vars=10
TMP730.int    ; Placeholder                # local_vars=10
TMP731.int    ; Placeholder                # local_vars=10
TMP732.int    ; Placeholder                # local_vars=10
TMP733.int    ; Placeholder                # local_vars=10
TMP734.int    ; Placeholder                # local_vars=10
TMP735.int    ; Placeholder                # local_vars=10
TMP736.int    ; Placeholder                # local_vars=10
TMP737.int    ; Placeholder                # local_vars=10
TMP738.int    ; Placeholder                # local_vars=10
TMP739.int    ; Placeholder                # local_vars=10
TMP740.int    ; Placeholder                # local_vars=10
TMP741.int    ; Placeholder                # local_vars=10
TMP742.int    ; Placeholder                # local_vars=10
TMP743.int    ; Placeholder                # local_vars=10
TMP744.int    ; Placeholder                # local_vars=10
TMP745.int    ; Placeholder                # local_vars=10
TMP746.int    ; Placeholder                # local_vars=10
TMP747.int    ; Placeholder                # local_vars=10
TMP748.int    ; Placeholder                # local_vars=10
TMP749.int    ; Placeholder                # local_vars=10
TMP750.int    ; Placeholder                # local_vars=10
TMP751.int    ; Placeholder                # local_vars=10
TMP752.int    ; Placeholder                # local_vars=10
TMP753.int    ; Placeholder                # local_vars=10
TMP754.int    ; Placeholder                # local_vars=10
TMP755.int    ; Placeholder                # local_vars=10
TMP756.int    ; Placeholder                # local_vars=10
TMP757.int    ; Placeholder                # local_vars=10
TMP758.int    ; Placeholder                # local_vars=10
TMP759.int    ; Placeholder                # local_vars=10
TMP760.int    ; Placeholder                # local_vars=10
TMP761.int    ; Placeholder                # local_vars=10
TMP762.int    ; Placeholder                # local_vars=10
TMP763.int    ; Placeholder                # local_vars=10
TMP764.int    ; Placeholder                # local_vars=10
TMP765.int    ; Placeholder                # local_vars=10
TMP766.int    ; Placeholder                # local_vars=10
TMP767.int    ; Placeholder                # local_vars=10
TMP768.int    ; Placeholder                # local_vars=10
TMP769.int    ; Placeholder                # local_vars=10
TMP770.int    ; Placeholder                # local_vars=10
TMP771.int    ; Placeholder                # local_vars=10
TMP772.int    ; Placeholder                # local_vars=10
TMP773.int    ; Placeholder                # local_vars=10
TMP774.int    ; Placeholder                # local_vars=10
TMP775.int    ; Placeholder                # local_vars=10
TMP776.int    ; Placeholder                # local_vars=10
TMP777.int    ; Placeholder                # local_vars=10
TMP778.int    ; Placeholder                # local_vars=10
TMP779.int    ; Placeholder                # local_vars=10
TMP780.int    ; Placeholder                # local_vars=10
TMP781.int    ; Placeholder                # local_vars=10
TMP782.int    ; Placeholder                # local_vars=10
TMP783.int    ; Placeholder                # local_vars=10
TMP784.int    ; Placeholder                # local_vars=10
TMP785.int    ; Placeholder                # local_vars=10
TMP786.int    ; Placeholder                # local_vars=10
TMP787.int    ; Placeholder                # local_vars=10
TMP788.int    ; Placeholder                # local_vars=10
TMP789.int    ; Placeholder                # local_vars=10
TMP790.int    ; Placeholder                # local_vars=10
TMP791.int    ; Placeholder                # local_vars=10
TMP792.int    ; Placeholder                # local_vars=10
TMP793.int    ; Placeholder                # local_vars=10
TMP794.int    ; Placeholder                # local_vars=10
TMP795.int    ; Placeholder                # local_vars=10
TMP796.int    ; Placeholder                # local_vars=10
TMP797.int    ; Placeholder                # local_vars=10
TMP798.int    ; Placeholder                # local_vars=10
TMP799.int    ; Placeholder                # local_vars=10
TMP800.int    ; Placeholder                # local_vars=10
TMP801.int    ; Placeholder                # local_vars=10
TMP802.int    ; Placeholder                # local_vars=10
TMP803.int    ; Placeholder                # local_vars=10
TMP804.int    ; Placeholder                # local_vars=10
TMP805.int    ; Placeholder                # local_vars=10
TMP806.int    ; Placeholder                # local_vars=10
TMP807.int    ; Placeholder                # local_vars=10
TMP808.int    ; Placeholder                # local_vars=10
TMP809.int    ; Placeholder                # local_vars=10
TMP810.int    ; Placeholder                # local_vars=10
TMP811.int    ; Placeholder                # local_vars=10
TMP812.int    ; Placeholder                # local_vars=10
TMP813.int    ; Placeholder                # local_vars=10
TMP814.int    ; Placeholder                # local_vars=10
TMP815.int    ; Placeholder                # local_vars=10
TMP816.int    ; Placeholder                # local_vars=10
TMP817.int    ; Placeholder                # local_vars=10
TMP818.int    ; Placeholder                # local_vars=10
TMP819.int    ; Placeholder                # local_vars=10
TMP820.int    ; Placeholder                # local_vars=10
TMP821.int    ; Placeholder                # local_vars=10
TMP822.int    ; Placeholder                # local_vars=10
TMP823.int    ; Placeholder                # local_vars=10
TMP824.int    ; Placeholder                # local_vars=10
TMP825.int    ; Placeholder                # local_vars=10
TMP826.int    ; Placeholder                # local_vars=10
TMP827.int    ; Placeholder                # local_vars=10
TMP828.int    ; Placeholder                # local_vars=10
TMP829.int    ; Placeholder                # local_vars=10
TMP830.int    ; Placeholder                # local_vars=10
TMP831.int    ; Placeholder                # local_vars=10
TMP832.int    ; Placeholder                # local_vars=10
TMP833.int    ; Placeholder                # local_vars=10
TMP834.int    ; Placeholder                # local_vars=10
TMP835.int    ; Placeholder                # local_vars=10
TMP836.int    ; Placeholder                # local_vars=10
TMP837.int    ; Placeholder                # local_vars=10
TMP838.int    ; Placeholder                # local_vars=10
TMP839.int    ; Placeholder                # local_vars=10
TMP840.int    ; Placeholder                # local_vars=10
TMP841.int    ; Placeholder                # local_vars=10
TMP842.int    ; Placeholder                # local_vars=10
TMP843.int    ; Placeholder                # local_vars=10
TMP844.int    ; Placeholder                # local_vars=10
TMP845.int    ; Placeholder                # local_vars=10
TMP846.int    ; Placeholder                # local_vars=10
TMP847.int    ; Placeholder                # local_vars=10
TMP848.int    ; Placeholder                # local_vars=10
TMP849.int    ; Placeholder                # local_vars=10
TMP850.int    ; Placeholder                # local_vars=10
TMP851.int    ; Placeholder                # local_vars=10
TMP852.int    ; Placeholder                # local_vars=10
TMP853.int    ; Placeholder                # local_vars=10
TMP854.int    ; Placeholder                # local_vars=10
TMP855.int    ; Placeholder                # local_vars=10
TMP856.int    ; Placeholder                # local_vars=10
TMP857.int    ; Placeholder                # local_vars=10
TMP858.int    ; Placeholder                # local_vars=10
TMP859.int    ; Placeholder                # local_vars=10
TMP860.int    ; Placeholder                # local_vars=10
TMP861.int    ; Placeholder                # local_vars=10
TMP862.int    ; Placeholder                # local_vars=10
TMP863.int    ; Placeholder                # local_vars=10
TMP864.int    ; Placeholder                # local_vars=10
TMP865.int    ; Placeholder                # local_vars=10
TMP866.int    ; Placeholder                # local_vars=10
TMP867.int    ; Placeholder                # local_vars=10
TMP868.int    ; Placeholder                # local_vars=10
TMP869.int    ; Placeholder                # local_vars=10
TMP870.int    ; Placeholder                # local_vars=10
TMP871.int    ; Placeholder                # local_vars=10
TMP872.int    ; Placeholder                # local_vars=10
TMP873.int    ; Placeholder                # local_vars=10
TMP874.int    ; Placeholder                # local_vars=10
TMP875.int    ; Placeholder                # local_vars=10
TMP876.int    ; Placeholder                # local_vars=10
TMP877.int    ; Placeholder                # local_vars=10
TMP878.int    ; Placeholder                # local_vars=10
TMP879.int    ; Placeholder                # local_vars=10
TMP880.int    ; Placeholder                # local_vars=10
TMP881.int    ; Placeholder                # local_vars=10
TMP882.int    ; Placeholder                # local_vars=10
TMP883.int    ; Placeholder                # local_vars=10
TMP884.int    ; Placeholder                # local_vars=10
TMP885.int    ; Placeholder                # local_vars=10
TMP886.int    ; Placeholder                # local_vars=10
TMP887.int    ; Placeholder                # local_vars=10
TMP888.int    ; Placeholder                # local_vars=10
TMP889.int    ; Placeholder                # local_vars=10
TMP890.int    ; Placeholder                # local_vars=10
TMP891.int    ; Placeholder                # local_vars=10
TMP892.int    ; Placeholder                # local_vars=10
TMP893.int    ; Placeholder                # local_vars=10
TMP894.int    ; Placeholder                # local_vars=10
TMP895.int    ; Placeholder                # local_vars=10
TMP896.int    ; Placeholder                # local_vars=10
TMP897.int    ; Placeholder                # local_vars=10
TMP898.int    ; Placeholder                # local_vars=10
TMP899.int    ; Placeholder                # local_vars=10
TMP900.int    ; Placeholder                # local_vars=10
TMP901.int    ; Placeholder                # local_vars=10
TMP902.int    ; Placeholder                # local_vars=10
TMP903.int    ; Placeholder                # local_vars=10
TMP904.int    ; Placeholder                # local_vars=10
TMP905.int    ; Placeholder                # local_vars=10
TMP906.int    ; Placeholder                # local_vars=10
TMP907.int    ; Placeholder                # local_vars=10
TMP908.int    ; Placeholder                # local_vars=10
TMP909.int    ; Placeholder                # local_vars=10
TMP910.int    ; Placeholder                # local_vars=10
TMP911.int    ; Placeholder                # local_vars=10
TMP912.int    ; Placeholder                # local_vars=10
TMP913.int    ; Placeholder                # local_vars=10
TMP914.int    ; Placeholder                # local_vars=10
TMP915.int    ; Placeholder                # local_vars=10
TMP916.int    ; Placeholder                # local_vars=10
TMP917.int    ; Placeholder                # local_vars=10
TMP918.int    ; Placeholder                # local_vars=10
TMP919.int    ; Placeholder                # local_vars=10
TMP920.int    ; Placeholder                # local_vars=10
TMP921.int    ; Placeholder                # local_vars=10
TMP922.int    ; Placeholder                # local_vars=10
TMP923.int    ; Placeholder                # local_vars=10
TMP924.int    ; Placeholder                # local_vars=10
TMP925.int    ; Placeholder                # local_vars=10
TMP926.int    ; Placeholder                # local_vars=10
TMP927.int    ; Placeholder                # local_vars=10
TMP928.int    ; Placeholder                # local_vars=10
TMP929.int    ; Placeholder                # local_vars=10
TMP930.int    ; Placeholder                # local_vars=10
TMP931.int    ; Placeholder                # local_vars=10
TMP932.int    ; Placeholder                # local_vars=10
TMP933.int    ; Placeholder                # local_vars=10
TMP934.int    ; Placeholder                # local_vars=10
TMP935.int    ; Placeholder                # local_vars=10
TMP936.int    ; Placeholder                # local_vars=10
TMP937.int    ; Placeholder                # local_vars=10
TMP938.int    ; Placeholder                # local_vars=10
TMP939.int    ; Placeholder                # local_vars=10
TMP940.int    ; Placeholder                # local_vars=10
TMP941.int    ; Placeholder                # local_vars=10
TMP942.int    ; Placeholder                # local_vars=10
TMP943.int    ; Placeholder                # local_vars=10
TMP944.int    ; Placeholder                # local_vars=10
TMP945.int    ; Placeholder                # local_vars=10
TMP946.int    ; Placeholder                # local_vars=10
TMP947.int    ; Placeholder                # local_vars=10
TMP948.int    ; Placeholder                # local_vars=10
TMP949.int    ; Placeholder                # local_vars=10
TMP950.int    ; Placeholder                # local_vars=10
TMP951.int    ; Placeholder                # local_vars=10
TMP952.int    ; Placeholder                # local_vars=10
TMP953.int    ; Placeholder                # local_vars=10
TMP954.int    ; Placeholder                # local_vars=10
TMP955.int    ; Placeholder                # local_vars=10
TMP956.int    ; Placeholder                # local_vars=10
TMP957.int    ; Placeholder                # local_vars=10
TMP958.int    ; Placeholder                # local_vars=10
TMP959.int    ; Placeholder                # local_vars=10
TMP960.int    ; Placeholder                # local_vars=10
TMP961.int    ; Placeholder                # local_vars=10
TMP962.int    ; Placeholder                # local_vars=10
TMP963.int    ; Placeholder                # local_vars=10
TMP964.int    ; Placeholder                # local_vars=10
TMP965.int    ; Placeholder                # local_vars=10
TMP966.int    ; Placeholder                # local_vars=10
TMP967.int    ; Placeholder                # local_vars=10
TMP968.int    ; Placeholder                # local_vars=10
TMP969.int    ; Placeholder                # local_vars=10
TMP970.int    ; Placeholder                # local_vars=10
TMP971.int    ; Placeholder                # local_vars=10
TMP972.int    ; Placeholder                # local_vars=10
TMP973.int    ; Placeholder                # local_vars=10
TMP974.int    ; Placeholder                # local_vars=10
TMP975.int    ; Placeholder                # local_vars=10
TMP976.int    ; Placeholder                # local_vars=10
TMP977.int    ; Placeholder                # local_vars=10
TMP978.int    ; Placeholder                # local_vars=10
TMP979.int    ; Placeholder                # local_vars=10
TMP980.int    ; Placeholder                # local_vars=10
TMP981.int    ; Placeholder                # local_vars=10
TMP982.int    ; Placeholder                # local_vars=10
TMP983.int    ; Placeholder                # local_vars=10
TMP984.int    ; Placeholder                # local_vars=10
TMP985.int    ; Placeholder                # local_vars=10
TMP986.int    ; Placeholder                # local_vars=10
TMP987.int    ; Placeholder                # local_vars=10
TMP988.int    ; Placeholder                # local_vars=10
TMP989.int    ; Placeholder                # local_vars=10
TMP990.int    ; Placeholder                # local_vars=10
TMP991.int    ; Placeholder                # local_vars=10
TMP992.int    ; Placeholder                # local_vars=10
TMP993.int    ; Placeholder                # local_vars=10
TMP994.int    ; Placeholder                # local_vars=10
TMP995.int    ; Placeholder                # local_vars=10
TMP996.int    ; Placeholder                # local_vars=10
TMP997.int    ; Placeholder                # local_vars=10
TMP998.int    ; Placeholder                # local_vars=10
TMP999.int    ; Placeholder                # local_vars=10
TMP1000.int    ; Placeholder                # local_vars=10
TMP1001.int    ; Placeholder                # local_vars=10
TMP1002.int    ; Placeholder                # local_vars=10
TMP1003.int    ; Placeholder                # local_vars=10
TMP1004.int    ; Placeholder                # local_vars=10
TMP1005.int    ; Placeholder                # local_vars=10
TMP1006.int    ; Placeholder                # local_vars=10
TMP1007.int    ; Placeholder                # local_vars=10
TMP1008.int    ; Placeholder                # local_vars=10
TMP1009.int    ; Placeholder                # local_vars=10
TMP1010.int    ; Placeholder                # local_vars=10
TMP1011.int    ; Placeholder                # local_vars=10
TMP1012.int    ; Placeholder                # local_vars=10
TMP1013.int    ; Placeholder                # local_vars=10
TMP1014.int    ; Placeholder                # local_vars=10
TMP1015.int    ; Placeholder                # local_vars=10
TMP1016.int    ; Placeholder                # local_vars=10
TMP1017.int    ; Placeholder                # local_vars=10
TMP1018.int    ; Placeholder                # local_vars=10
TMP1019.int    ; Placeholder                # local_vars=10
TMP1020.int    ; Placeholder                # local_vars=10
TMP1021.int    ; Placeholder                # local_vars=10
TMP1022.int    ; Placeholder                # local_vars=10
TMP1023.int    ; Placeholder                # local_vars=10
TMP1024.int    ; Placeholder                # local_vars=10
TMP1025.int    ; Placeholder                # local_vars=10
TMP1026.int    ; Placeholder                # local_vars=10
TMP1027.int    ; Placeholder                # local_vars=10
TMP1028.int    ; Placeholder                # local_vars=10
TMP1029.int    ; Placeholder                # local_vars=10
TMP1030.int    ; Placeholder                # local_vars=10
TMP1031.int    ; Placeholder                # local_vars=10
TMP1032.int    ; Placeholder                # local_vars=10
TMP1033.int    ; Placeholder                # local_vars=10
TMP1034.int    ; Placeholder                # local_vars=10
TMP1035.int    ; Placeholder                # local_vars=10
TMP1036.int    ; Placeholder                # local_vars=10
TMP1037.int    ; Placeholder                # local_vars=10
TMP1038.int    ; Placeholder                # local_vars=10
TMP1039.int    ; Placeholder                # local_vars=10
TMP1040.int    ; Placeholder                # local_vars=10
TMP1041.int    ; Placeholder                # local_vars=10
TMP1042.int    ; Placeholder                # local_vars=10
TMP1043.int    ; Placeholder                # local_vars=10
TMP1044.int    ; Placeholder                # local_vars=10
TMP1045.int    ; Placeholder                # local_vars=10
TMP1046.int    ; Placeholder                # local_vars=10
TMP1047.int    ; Placeholder                # local_vars=10
TMP1048.int    ; Placeholder                # local_vars=10
TMP1049.int    ; Placeholder                # local_vars=10
TMP1050.int    ; Placeholder                # local_vars=10
TMP1051.int    ; Placeholder                # local_vars=10
TMP1052.int    ; Placeholder                # local_vars=10
TMP1053.int    ; Placeholder                # local_vars=10
TMP1054.int    ; Placeholder                # local_vars=10
TMP1055.int    ; Placeholder                # local_vars=10
TMP1056.int    ; Placeholder                # local_vars=10
TMP1057.int    ; Placeholder                # local_vars=10
TMP1058.int    ; Placeholder                # local_vars=10
TMP1059.int    ; Placeholder                # local_vars=10
TMP1060.int    ; Placeholder                # local_vars=10
TMP1061.int    ; Placeholder                # local_vars=10
TMP1062.int    ; Placeholder                # local_vars=10
TMP1063.int    ; Placeholder                # local_vars=10
TMP1064.int    ; Placeholder                # local_vars=10
TMP1065.int    ; Placeholder                # local_vars=10
TMP1066.int    ; Placeholder                # local_vars=10
TMP1067.int    ; Placeholder                # local_vars=10
TMP1068.int    ; Placeholder                # local_vars=10
TMP1069.int    ; Placeholder                # local_vars=10
TMP1070.int    ; Placeholder                # local_vars=10
TMP1071.int    ; Placeholder                # local_vars=10
TMP1072.int    ; Placeholder                # local_vars=10
TMP1073.int    ; Placeholder                # local_vars=10
TMP1074.int    ; Placeholder                # local_vars=10
TMP1075.int    ; Placeholder                # local_vars=10
TMP1076.int    ; Placeholder                # local_vars=10
TMP1077.int    ; Placeholder                # local_vars=10
TMP1078.int    ; Placeholder                # local_vars=10
TMP1079.int    ; Placeholder                # local_vars=10
TMP1080.int    ; Placeholder                # local_vars=10
TMP1081.int    ; Placeholder                # local_vars=10
TMP1082.int    ; Placeholder                # local_vars=10
TMP1083.int    ; Placeholder                # local_vars=10
TMP1084.int    ; Placeholder                # local_vars=10
TMP1085.int    ; Placeholder                # local_vars=10
TMP1086.int    ; Placeholder                # local_vars=10
TMP1087.int    ; Placeholder                # local_vars=10
TMP1088.int    ; Placeholder                # local_vars=10
TMP1089.int    ; Placeholder                # local_vars=10
TMP1090.int    ; Placeholder                # local_vars=10
TMP1091.int    ; Placeholder                # local_vars=10
TMP1092.int    ; Placeholder                # local_vars=10
TMP1093.int    ; Placeholder                # local_vars=10
TMP1094.int    ; Placeholder                # local_vars=10
TMP1095.int    ; Placeholder                # local_vars=10
TMP1096.int    ; Placeholder                # local_vars=10
TMP1097.int    ; Placeholder                # local_vars=10
TMP1098.int    ; Placeholder                # local_vars=10
TMP1099.int    ; Placeholder                # local_vars=10
TMP1100.int    ; Placeholder                # local_vars=10
TMP1101.int    ; Placeholder                # local_vars=10
TMP1102.int    ; Placeholder                # local_vars=10
TMP1103.int    ; Placeholder                # local_vars=10
TMP1104.int    ; Placeholder                # local_vars=10
TMP1105.int    ; Placeholder                # local_vars=10
TMP1106.int    ; Placeholder                # local_vars=10
TMP1107.int    ; Placeholder                # local_vars=10
TMP1108.int    ; Placeholder                # local_vars=10
TMP1109.int    ; Placeholder                # local_vars=10
TMP1110.int    ; Placeholder                # local_vars=10
TMP1111.int    ; Placeholder                # local_vars=10
TMP1112.int    ; Placeholder                # local_vars=10
TMP1113.int    ; Placeholder                # local_vars=10
TMP1114.int    ; Placeholder                # local_vars=10
TMP1115.int    ; Placeholder                # local_vars=10
TMP1116.int    ; Placeholder                # local_vars=10
TMP1117.int    ; Placeholder                # local_vars=10
TMP1118.int    ; Placeholder                # local_vars=10
TMP1119.int    ; Placeholder                # local_vars=10
TMP1120.int    ; Placeholder                # local_vars=10
TMP1121.int    ; Placeholder                # local_vars=10
TMP1122.int    ; Placeholder                # local_vars=10
TMP1123.int    ; Placeholder                # local_vars=10
TMP1124.int    ; Placeholder                # local_vars=10
TMP1125.int    ; Placeholder                # local_vars=10
TMP1126.int    ; Placeholder                # local_vars=10
TMP1127.int    ; Placeholder                # local_vars=10
TMP1128.int    ; Placeholder                # local_vars=10
TMP1129.int    ; Placeholder                # local_vars=10
TMP1130.int    ; Placeholder                # local_vars=10
TMP1131.int    ; Placeholder                # local_vars=10
TMP1132.int    ; Placeholder                # local_vars=10
TMP1133.int    ; Placeholder                # local_vars=10
TMP1134.int    ; Placeholder                # local_vars=10
TMP1135.int    ; Placeholder                # local_vars=10
TMP1136.int    ; Placeholder                # local_vars=10
TMP1137.int    ; Placeholder                # local_vars=10
TMP1138.int    ; Placeholder                # local_vars=10
TMP1139.int    ; Placeholder                # local_vars=10
TMP1140.int    ; Placeholder                # local_vars=10
TMP1141.int    ; Placeholder                # local_vars=10
TMP1142.int    ; Placeholder                # local_vars=10
TMP1143.int    ; Placeholder                # local_vars=10
TMP1144.int    ; Placeholder                # local_vars=10
TMP1145.int    ; Placeholder                # local_vars=10
TMP1146.int    ; Placeholder                # local_vars=10
TMP1147.int    ; Placeholder                # local_vars=10
TMP1148.int    ; Placeholder                # local_vars=10
TMP1149.int    ; Placeholder                # local_vars=10
TMP1150.int    ; Placeholder                # local_vars=10
TMP1151.int    ; Placeholder                # local_vars=10
TMP1152.int    ; Placeholder                # local_vars=10
TMP1153.int    ; Placeholder                # local_vars=10
TMP1154.int    ; Placeholder                # local_vars=10
TMP1155.int    ; Placeholder                # local_vars=10
TMP1156.int    ; Placeholder                # local_vars=10
TMP1157.int    ; Placeholder                # local_vars=10
TMP1158.int    ; Placeholder                # local_vars=10
TMP1159.int    ; Placeholder                # local_vars=10
TMP1160.int    ; Placeholder                # local_vars=10
TMP1161.int    ; Placeholder                # local_vars=10
TMP1162.int    ; Placeholder                # local_vars=10
TMP1163.int    ; Placeholder                # local_vars=10
TMP1164.int    ; Placeholder                # local_vars=10
TMP1165.int    ; Placeholder                # local_vars=10
TMP1166.int    ; Placeholder                # local_vars=10
TMP1167.int    ; Placeholder                # local_vars=10
TMP1168.int    ; Placeholder                # local_vars=10
TMP1169.int    ; Placeholder                # local_vars=10
TMP1170.int    ; Placeholder                # local_vars=10
TMP1171.int    ; Placeholder                # local_vars=10
TMP1172.int    ; Placeholder                # local_vars=10
TMP1173.int    ; Placeholder                # local_vars=10
TMP1174.int    ; Placeholder                # local_vars=10
TMP1175.int    ; Placeholder                # local_vars=10
TMP1176.int    ; Placeholder                # local_vars=10
TMP1177.int    ; Placeholder                # local_vars=10
TMP1178.int    ; Placeholder                # local_vars=10
TMP1179.int    ; Placeholder                # local_vars=10
TMP1180.int    ; Placeholder                # local_vars=10
TMP1181.int    ; Placeholder                # local_vars=10
TMP1182.int    ; Placeholder                # local_vars=10
TMP1183.int    ; Placeholder                # local_vars=10
TMP1184.int    ; Placeholder                # local_vars=10
TMP1185.int    ; Placeholder                # local_vars=10
TMP1186.int    ; Placeholder                # local_vars=10
TMP1187.int    ; Placeholder                # local_vars=10
TMP1188.int    ; Placeholder                # local_vars=10
TMP1189.int    ; Placeholder                # local_vars=10
TMP1190.int    ; Placeholder                # local_vars=10
TMP1191.int    ; Placeholder                # local_vars=10
TMP1192.int    ; Placeholder                # local_vars=10
TMP1193.int    ; Placeholder                # local_vars=10
TMP1194.int    ; Placeholder                # local_vars=10
TMP1195.int    ; Placeholder                # local_vars=10
TMP1196.int    ; Placeholder                # local_vars=10
TMP1197.int    ; Placeholder                # local_vars=10
TMP1198.int    ; Placeholder                # local_vars=10
TMP1199.int    ; Placeholder                # local_vars=10
TMP1200.int    ; Placeholder                # local_vars=10
TMP1201.int    ; Placeholder                # local_vars=10
TMP1202.int    ; Placeholder                # local_vars=10
TMP1203.int    ; Placeholder                # local_vars=10
TMP1204.int    ; Placeholder                # local_vars=10
TMP1205.int    ; Placeholder                # local_vars=10
TMP1206.int    ; Placeholder                # local_vars=10
TMP1207.int    ; Placeholder                # local_vars=10
TMP1208.int    ; Placeholder                # local_vars=10
TMP1209.int    ; Placeholder                # local_vars=10
TMP1210.int    ; Placeholder                # local_vars=10
TMP1211.int    ; Placeholder                # local_vars=10
TMP1212.int    ; Placeholder                # local_vars=10
TMP1213.int    ; Placeholder                # local_vars=10
TMP1214.int    ; Placeholder                # local_vars=10
TMP1215.int    ; Placeholder                # local_vars=10
TMP1216.int    ; Placeholder                # local_vars=10
TMP1217.int    ; Placeholder                # local_vars=10
TMP1218.int    ; Placeholder                # local_vars=10
TMP1219.int    ; Placeholder                # local_vars=10
TMP1220.int    ; Placeholder                # local_vars=10
TMP1221.int    ; Placeholder                # local_vars=10
TMP1222.int    ; Placeholder                # local_vars=10
TMP1223.int    ; Placeholder                # local_vars=10
TMP1224.int    ; Placeholder                # local_vars=10
TMP1225.int    ; Placeholder                # local_vars=10
TMP1226.int    ; Placeholder                # local_vars=10
TMP1227.int    ; Placeholder                # local_vars=10
TMP1228.int    ; Placeholder                # local_vars=10
TMP1229.int    ; Placeholder                # local_vars=10
TMP1230.int    ; Placeholder                # local_vars=10
TMP1231.int    ; Placeholder                # local_vars=10
TMP1232.int    ; Placeholder                # local_vars=10
TMP1233.int    ; Placeholder                # local_vars=10
TMP1234.int    ; Placeholder                # local_vars=10
TMP1235.int    ; Placeholder                # local_vars=10
TMP1236.int    ; Placeholder                # local_vars=10
TMP1237.int    ; Placeholder                # local_vars=10
TMP1238.int    ; Placeholder                # local_vars=10
TMP1239.int    ; Placeholder                # local_vars=10
TMP1240.int    ; Placeholder                # local_vars=10
TMP1241.int    ; Placeholder                # local_vars=10
TMP1242.int    ; Placeholder                # local_vars=10
TMP1243.int    ; Placeholder                # local_vars=10
TMP1244.int    ; Placeholder                # local_vars=10
TMP1245.int    ; Placeholder                # local_vars=10
TMP1246.int    ; Placeholder                # local_vars=10
TMP1247.int    ; Placeholder                # local_vars=10
TMP1248.int    ; Placeholder                # local_vars=10
TMP1249.int    ; Placeholder                # local_vars=10
TMP1250.int    ; Placeholder                # local_vars=10
TMP1251.int    ; Placeholder                # local_vars=10
TMP1252.int    ; Placeholder                # local_vars=10
TMP1253.int    ; Placeholder                # local_vars=10
TMP1254.int    ; Placeholder                # local_vars=10
TMP1255.int    ; Placeholder                # local_vars=10
TMP1256.int    ; Placeholder                # local_vars=10
TMP1257.int    ; Placeholder                # local_vars=10
TMP1258.int    ; Placeholder                # local_vars=10
TMP1259.int    ; Placeholder                # local_vars=10
TMP1260.int    ; Placeholder                # local_vars=10
TMP1261.int    ; Placeholder                # local_vars=10
TMP1262.int    ; Placeholder                # local_vars=10
TMP1263.int    ; Placeholder                # local_vars=10
TMP1264.int    ; Placeholder                # local_vars=10
TMP1265.int    ; Placeholder                # local_vars=10
TMP1266.int    ; Placeholder                # local_vars=10
TMP1267.int    ; Placeholder                # local_vars=10
TMP1268.int    ; Placeholder                # local_vars=10
TMP1269.int    ; Placeholder                # local_vars=10
TMP1270.int    ; Placeholder                # local_vars=10
TMP1271.int    ; Placeholder                # local_vars=10
TMP1272.int    ; Placeholder                # local_vars=10
TMP1273.int    ; Placeholder                # local_vars=10
TMP1274.int    ; Placeholder                # local_vars=10
TMP1275.int    ; Placeholder                # local_vars=10
TMP1276.int    ; Placeholder                # local_vars=10
TMP1277.int    ; Placeholder                # local_vars=10
TMP1278.int    ; Placeholder                # local_vars=10
TMP1279.int    ; Placeholder                # local_vars=10
TMP1280.int    ; Placeholder                # local_vars=10
TMP1281.int    ; Placeholder                # local_vars=10
TMP1282.int    ; Placeholder                # local_vars=10
TMP1283.int    ; Placeholder                # local_vars=10
TMP1284.int    ; Placeholder                # local_vars=10
TMP1285.int    ; Placeholder                # local_vars=10
TMP1286.int    ; Placeholder                # local_vars=10
TMP1287.int    ; Placeholder                # local_vars=10
TMP1288.int    ; Placeholder                # local_vars=10
TMP1289.int    ; Placeholder                # local_vars=10
TMP1290.int    ; Placeholder                # local_vars=10
TMP1291.int    ; Placeholder                # local_vars=10
TMP1292.int    ; Placeholder                # local_vars=10
TMP1293.int    ; Placeholder                # local_vars=10
TMP1294.int    ; Placeholder                # local_vars=10
TMP1295.int    ; Placeholder                # local_vars=10
TMP1296.int    ; Placeholder                # local_vars=10
TMP1297.int    ; Placeholder                # local_vars=10
TMP1298.int    ; Placeholder                # local_vars=10
TMP1299.int    ; Placeholder                # local_vars=10
TMP1300.int    ; Placeholder                # local_vars=10
TMP1301.int    ; Placeholder                # local_vars=10
TMP1302.int    ; Placeholder                # local_vars=10
TMP1303.int    ; Placeholder                # local_vars=10
TMP1304.int    ; Placeholder                # local_vars=10
TMP1305.int    ; Placeholder                # local_vars=10
TMP1306.int    ; Placeholder                # local_vars=10
TMP1307.int    ; Placeholder                # local_vars=10
TMP1308.int    ; Placeholder                # local_vars=10
TMP1309.int    ; Placeholder                # local_vars=10
TMP1310.int    ; Placeholder                # local_vars=10
TMP1311.int    ; Placeholder                # local_vars=10
TMP1312.int    ; Placeholder                # local_vars=10
TMP1313.int    ; Placeholder                # local_vars=10
TMP1314.int    ; Placeholder                # local_vars=10
TMP1315.int    ; Placeholder                # local_vars=10
TMP1316.int    ; Placeholder                # local_vars=10
TMP1317.int    ; Placeholder                # local_vars=10
TMP1318.int    ; Placeholder                # local_vars=10
TMP1319.int    ; Placeholder                # local_vars=10
TMP1320.int    ; Placeholder                # local_vars=10
TMP1321.int    ; Placeholder                # local_vars=10
TMP1322.int    ; Placeholder                # local_vars=10
TMP1323.int    ; Placeholder                # local_vars=10
TMP1324.int    ; Placeholder                # local_vars=10
TMP1325.int    ; Placeholder                # local_vars=10
TMP1326.int    ; Placeholder                # local_vars=10
TMP1327.int    ; Placeholder                # local_vars=10
TMP1328.int    ; Placeholder                # local_vars=10
TMP1329.int    ; Placeholder                # local_vars=10
TMP1330.int    ; Placeholder                # local_vars=10
TMP1331.int    ; Placeholder                # local_vars=10
TMP1332.int    ; Placeholder                # local_vars=10
TMP1333.int    ; Placeholder                # local_vars=10
TMP1334.int    ; Placeholder                # local_vars=10
TMP1335.int    ; Placeholder                # local_vars=10
TMP1336.int    ; Placeholder                # local_vars=10
TMP1337.int    ; Placeholder                # local_vars=10
TMP1338.int    ; Placeholder                # local_vars=10
TMP1339.int    ; Placeholder                # local_vars=10
TMP1340.int    ; Placeholder                # local_vars=10
TMP1341.int    ; Placeholder                # local_vars=10
TMP1342.int    ; Placeholder                # local_vars=10
TMP1343.int    ; Placeholder                # local_vars=10
TMP1344.int    ; Placeholder                # local_vars=10
TMP1345.int    ; Placeholder                # local_vars=10
TMP1346.int    ; Placeholder                # local_vars=10
TMP1347.int    ; Placeholder                # local_vars=10
TMP1348.int    ; Placeholder                # local_vars=10
TMP1349.int    ; Placeholder                # local_vars=10
TMP1350.int    ; Placeholder                # local_vars=10
TMP1351.int    ; Placeholder                # local_vars=10
TMP1352.int    ; Placeholder                # local_vars=10
TMP1353.int    ; Placeholder                # local_vars=10
TMP1354.int    ; Placeholder                # local_vars=10
TMP1355.int    ; Placeholder                # local_vars=10
TMP1356.int    ; Placeholder                # local_vars=10
TMP1357.int    ; Placeholder                # local_vars=10
TMP1358.int    ; Placeholder                # local_vars=10
TMP1359.int    ; Placeholder                # local_vars=10
TMP1360.int    ; Placeholder                # local_vars=10
TMP1361.int    ; Placeholder                # local_vars=10
TMP1362.int    ; Placeholder                # local_vars=10
TMP1363.int    ; Placeholder                # local_vars=10
TMP1364.int    ; Placeholder                # local_vars=10
TMP1365.int    ; Placeholder                # local_vars=10
TMP1366.int    ; Placeholder                # local_vars=10
TMP1367.int    ; Placeholder                # local_vars=10
TMP1368.int    ; Placeholder                # local_vars=10
TMP1369.int    ; Placeholder                # local_vars=10
TMP1370.int    ; Placeholder                # local_vars=10
TMP1371.int    ; Placeholder                # local_vars=10
TMP1372.int    ; Placeholder                # local_vars=10
TMP1373.int    ; Placeholder                # local_vars=10
TMP1374.int    ; Placeholder                # local_vars=10
TMP1375.int    ; Placeholder                # local_vars=10
TMP1376.int    ; Placeholder                # local_vars=10
TMP1377.int    ; Placeholder                # local_vars=10
TMP1378.int    ; Placeholder                # local_vars=10
TMP1379.int    ; Placeholder                # local_vars=10
TMP1380.int    ; Placeholder                # local_vars=10
TMP1381.int    ; Placeholder                # local_vars=10
TMP1382.int    ; Placeholder                # local_vars=10
TMP1383.int    ; Placeholder                # local_vars=10
TMP1384.int    ; Placeholder                # local_vars=10
TMP1385.int    ; Placeholder                # local_vars=10
TMP1386.int    ; Placeholder                # local_vars=10
TMP1387.int    ; Placeholder                # local_vars=10
TMP1388.int    ; Placeholder                # local_vars=10
TMP1389.int    ; Placeholder                # local_vars=10
TMP1390.int    ; Placeholder                # local_vars=10
TMP1391.int    ; Placeholder                # local_vars=10
TMP1392.int    ; Placeholder                # local_vars=10
TMP1393.int    ; Placeholder                # local_vars=10
TMP1394.int    ; Placeholder                # local_vars=10
TMP1395.int    ; Placeholder                # local_vars=10
TMP1396.int    ; Placeholder                # local_vars=10
TMP1397.int    ; Placeholder                # local_vars=10
TMP1398.int    ; Placeholder                # local_vars=10
TMP1399.int    ; Placeholder                # local_vars=10
TMP1400.int    ; Placeholder                # local_vars=10
TMP1401.int    ; Placeholder                # local_vars=10
TMP1402.int    ; Placeholder                # local_vars=10
TMP1403.int    ; Placeholder                # local_vars=10
TMP1404.int    ; Placeholder                # local_vars=10
TMP1405.int    ; Placeholder                # local_vars=10
TMP1406.int    ; Placeholder                # local_vars=10
TMP1407.int    ; Placeholder                # local_vars=10
TMP1408.int    ; Placeholder                # local_vars=10
TMP1409.int    ; Placeholder                # local_vars=10
TMP1410.int    ; Placeholder                # local_vars=10
TMP1411.int    ; Placeholder                # local_vars=10
TMP1412.int    ; Placeholder                # local_vars=10
TMP1413.int    ; Placeholder                # local_vars=10
TMP1414.int    ; Placeholder                # local_vars=10
TMP1415.int    ; Placeholder                # local_vars=10
TMP1416.int    ; Placeholder                # local_vars=10
TMP1417.int    ; Placeholder                # local_vars=10
TMP1418.int    ; Placeholder                # local_vars=10
TMP1419.int    ; Placeholder                # local_vars=10
TMP1420.int    ; Placeholder                # local_vars=10
TMP1421.int    ; Placeholder                # local_vars=10
TMP1422.int    ; Placeholder                # local_vars=10
TMP1423.int    ; Placeholder                # local_vars=10
TMP1424.int    ; Placeholder                # local_vars=10
TMP1425.int    ; Placeholder                # local_vars=10
TMP1426.int    ; Placeholder                # local_vars=10
TMP1427.int    ; Placeholder                # local_vars=10
TMP1428.int    ; Placeholder                # local_vars=10
TMP1429.int    ; Placeholder                # local_vars=10
TMP1430.int    ; Placeholder                # local_vars=10
TMP1431.int    ; Placeholder                # local_vars=10
TMP1432.int    ; Placeholder                # local_vars=10
TMP1433.int    ; Placeholder                # local_vars=10
TMP1434.int    ; Placeholder                # local_vars=10
TMP1435.int    ; Placeholder                # local_vars=10
TMP1436.int    ; Placeholder                # local_vars=10
TMP1437.int    ; Placeholder                # local_vars=10
TMP1438.int    ; Placeholder                # local_vars=10
TMP1439.int    ; Placeholder                # local_vars=10
TMP1440.int    ; Placeholder                # local_vars=10
TMP1441.int    ; Placeholder                # local_vars=10
TMP1442.int    ; Placeholder                # local_vars=10
TMP1443.int    ; Placeholder                # local_vars=10
TMP1444.int    ; Placeholder                # local_vars=10
TMP1445.int    ; Placeholder                # local_vars=10
TMP1446.int    ; Placeholder                # local_vars=10
TMP1447.int    ; Placeholder                # local_vars=10
TMP1448.int    ; Placeholder                # local_vars=10
TMP1449.int    ; Placeholder                # local_vars=10
TMP1450.int    ; Placeholder                # local_vars=10
TMP1451.int    ; Placeholder                # local_vars=10
TMP1452.int    ; Placeholder                # local_vars=10
TMP1453.int    ; Placeholder                # local_vars=10
TMP1454.int    ; Placeholder                # local_vars=10
TMP1455.int    ; Placeholder                # local_vars=10
TMP1456.int    ; Placeholder                # local_vars=10
TMP1457.int    ; Placeholder                # local_vars=10
TMP1458.int    ; Placeholder                # local_vars=10
TMP1459.int    ; Placeholder                # local_vars=10
TMP1460.int    ; Placeholder                # local_vars=10
TMP1461.int    ; Placeholder                # local_vars=10
TMP1462.int    ; Placeholder                # local_vars=10
TMP1463.int    ; Placeholder                # local_vars=10
TMP1464.int    ; Placeholder                # local_vars=10
TMP1465.int    ; Placeholder                # local_vars=10
TMP1466.int    ; Placeholder                # local_vars=10
TMP1467.int    ; Placeholder                # local_vars=10
TMP1468.int    ; Placeholder                # local_vars=10
TMP1469.int    ; Placeholder                # local_vars=10
TMP1470.int    ; Placeholder                # local_vars=10
TMP1471.int    ; Placeholder                # local_vars=10
TMP1472.int    ; Placeholder                # local_vars=10
TMP1473.int    ; Placeholder                # local_vars=10
TMP1474.int    ; Placeholder                # local_vars=10
TMP1475.int    ; Placeholder                # local_vars=10
TMP1476.int    ; Placeholder                # local_vars=10
TMP1477.int    ; Placeholder                # local_vars=10
TMP1478.int    ; Placeholder                # local_vars=10
TMP1479.int    ; Placeholder                # local_vars=10
TMP1480.int    ; Placeholder                # local_vars=10
TMP1481.int    ; Placeholder                # local_vars=10
TMP1482.int    ; Placeholder                # local_vars=10
TMP1483.int    ; Placeholder                # local_vars=10
TMP1484.int    ; Placeholder                # local_vars=10
TMP1485.int    ; Placeholder                # local_vars=10
TMP1486.int    ; Placeholder                # local_vars=10
TMP1487.int    ; Placeholder                # local_vars=10
TMP1488.int    ; Placeholder                # local_vars=10
TMP1489.int    ; Placeholder                # local_vars=10
TMP1490.int    ; Placeholder                # local_vars=10
TMP1491.int    ; Placeholder                # local_vars=10
TMP1492.int    ; Placeholder                # local_vars=10
TMP1493.int    ; Placeholder                # local_vars=10
TMP1494.int    ; Placeholder                # local_vars=10
TMP1495.int    ; Placeholder                # local_vars=10
TMP1496.int    ; Placeholder                # local_vars=10
TMP1497.int    ; Placeholder                # local_vars=10
TMP1498.int    ; Placeholder                # local_vars=10
TMP1499.int    ; Placeholder                # local_vars=10
TMP1500.int    ; Placeholder                # local_vars=10
TMP1501.int    ; Placeholder                # local_vars=10
TMP1502.int    ; Placeholder                # local_vars=10
TMP1503.int    ; Placeholder                # local_vars=10
TMP1504.int    ; Placeholder                # local_vars=10
TMP1505.int    ; Placeholder                # local_vars=10
TMP1506.int    ; Placeholder                # local_vars=10
TMP1507.int    ; Placeholder                # local_vars=10
TMP1508.int    ; Placeholder                # local_vars=10
TMP1509.int    ; Placeholder                # local_vars=10
TMP1510.int    ; Placeholder                # local_vars=10
TMP1511.int    ; Placeholder                # local_vars=10
TMP1512.int    ; Placeholder                # local_vars=10
TMP1513.int    ; Placeholder                # local_vars=10
TMP1514.int    ; Placeholder                # local_vars=10
TMP1515.int    ; Placeholder                # local_vars=10
TMP1516.int    ; Placeholder                # local_vars=10
TMP1517.int    ; Placeholder                # local_vars=10
TMP1518.int    ; Placeholder                # local_vars=10
TMP1519.int    ; Placeholder                # local_vars=10
TMP1520.int    ; Placeholder                # local_vars=10
TMP1521.int    ; Placeholder                # local_vars=10
TMP1522.int    ; Placeholder                # local_vars=10
TMP1523.int    ; Placeholder                # local_vars=10
TMP1524.int    ; Placeholder                # local_vars=10
TMP1525.int    ; Placeholder                # local_vars=10
TMP1526.int    ; Placeholder                # local_vars=10
TMP1527.int    ; Placeholder                # local_vars=10
TMP1528.int    ; Placeholder                # local_vars=10
TMP1529.int    ; Placeholder                # local_vars=10
TMP1530.int    ; Placeholder                # local_vars=10
TMP1531.int    ; Placeholder                # local_vars=10
TMP1532.int    ; Placeholder                # local_vars=10
TMP1533.int    ; Placeholder                # local_vars=10
TMP1534.int    ; Placeholder                # local_vars=10
TMP1535.int    ; Placeholder                # local_vars=10
TMP1536.int    ; Placeholder                # local_vars=10
TMP1537.int    ; Placeholder                # local_vars=10
TMP1538.int    ; Placeholder                # local_vars=10
TMP1539.int    ; Placeholder                # local_vars=10
TMP1540.int    ; Placeholder                # local_vars=10
TMP1541.int    ; Placeholder                # local_vars=10
TMP1542.int    ; Placeholder                # local_vars=10
TMP1543.int    ; Placeholder                # local_vars=10
TMP1544.int    ; Placeholder                # local_vars=10
TMP1545.int    ; Placeholder                # local_vars=10
TMP1546.int    ; Placeholder                # local_vars=10
TMP1547.int    ; Placeholder                # local_vars=10
TMP1548.int    ; Placeholder                # local_vars=10
TMP1549.int    ; Placeholder                # local_vars=10
TMP1550.int    ; Placeholder                # local_vars=10
TMP1551.int    ; Placeholder                # local_vars=10
TMP1552.int    ; Placeholder                # local_vars=10
TMP1553.int    ; Placeholder                # local_vars=10
TMP1554.int    ; Placeholder                # local_vars=10
TMP1555.int    ; Placeholder                # local_vars=10
TMP1556.int    ; Placeholder                # local_vars=10
TMP1557.int    ; Placeholder                # local_vars=10
TMP1558.int    ; Placeholder                # local_vars=10
TMP1559.int    ; Placeholder                # local_vars=10
TMP1560.int    ; Placeholder                # local_vars=10
TMP1561.int    ; Placeholder                # local_vars=10
TMP1562.int    ; Placeholder                # local_vars=10
TMP1563.int    ; Placeholder                # local_vars=10
TMP1564.int    ; Placeholder                # local_vars=10
TMP1565.int    ; Placeholder                # local_vars=10
TMP1566.int    ; Placeholder                # local_vars=10
TMP1567.int    ; Placeholder                # local_vars=10
TMP1568.int    ; Placeholder                # local_vars=10
TMP1569.int    ; Placeholder                # local_vars=10
TMP1570.int    ; Placeholder                # local_vars=10
TMP1571.int    ; Placeholder                # local_vars=10
TMP1572.int    ; Placeholder                # local_vars=10
TMP1573.int    ; Placeholder                # local_vars=10
TMP1574.int    ; Placeholder                # local_vars=10
TMP1575.int    ; Placeholder                # local_vars=10
TMP1576.int    ; Placeholder                # local_vars=10
TMP1577.int    ; Placeholder                # local_vars=10
TMP1578.int    ; Placeholder                # local_vars=10
TMP1579.int    ; Placeholder                # local_vars=10
TMP1580.int    ; Placeholder                # local_vars=10
TMP1581.int    ; Placeholder                # local_vars=10
TMP1582.int    ; Placeholder                # local_vars=10
TMP1583.int    ; Placeholder                # local_vars=10
TMP1584.int    ; Placeholder                # local_vars=10
TMP1585.int    ; Placeholder                # local_vars=10
TMP1586.int    ; Placeholder                # local_vars=10
TMP1587.int    ; Placeholder                # local_vars=10
TMP1588.int    ; Placeholder                # local_vars=10
TMP1589.int    ; Placeholder                # local_vars=10
TMP1590.int    ; Placeholder                # local_vars=10
TMP1591.int    ; Placeholder                # local_vars=10
TMP1592.int    ; Placeholder                # local_vars=10
TMP1593.int    ; Placeholder                # local_vars=10
TMP1594.int    ; Placeholder                # local_vars=10
TMP1595.int    ; Placeholder                # local_vars=10
TMP1596.int    ; Placeholder                # local_vars=10
TMP1597.int    ; Placeholder                # local_vars=10
TMP1598.int    ; Placeholder                # local_vars=10
TMP1599.int    ; Placeholder                # local_vars=10
TMP1600.int    ; Placeholder                # local_vars=10
TMP1601.int    ; Placeholder                # local_vars=10
TMP1602.int    ; Placeholder                # local_vars=10
TMP1603.int    ; Placeholder                # local_vars=10
TMP1604.int    ; Placeholder                # local_vars=10
TMP1605.int    ; Placeholder                # local_vars=10
TMP1606.int    ; Placeholder                # local_vars=10
TMP1607.int    ; Placeholder                # local_vars=10
TMP1608.int    ; Placeholder                # local_vars=10
TMP1609.int    ; Placeholder                # local_vars=10
TMP1610.int    ; Placeholder                # local_vars=10
TMP1611.int    ; Placeholder                # local_vars=10
TMP1612.int    ; Placeholder                # local_vars=10
TMP1613.int    ; Placeholder                # local_vars=10
TMP1614.int    ; Placeholder                # local_vars=10
TMP1615.int    ; Placeholder                # local_vars=10
TMP1616.int    ; Placeholder                # local_vars=10
TMP1617.int    ; Placeholder                # local_vars=10
TMP1618.int    ; Placeholder                # local_vars=10
TMP1619.int    ; Placeholder                # local_vars=10
TMP1620.int    ; Placeholder                # local_vars=10
TMP1621.int    ; Placeholder                # local_vars=10
TMP1622.int    ; Placeholder                # local_vars=10
TMP1623.int    ; Placeholder                # local_vars=10
TMP1624.int    ; Placeholder                # local_vars=10
TMP1625.int    ; Placeholder                # local_vars=10
TMP1626.int    ; Placeholder                # local_vars=10
TMP1627.int    ; Placeholder                # local_vars=10
TMP1628.int    ; Placeholder                # local_vars=10
TMP1629.int    ; Placeholder                # local_vars=10
TMP1630.int    ; Placeholder                # local_vars=10
TMP1631.int    ; Placeholder                # local_vars=10
TMP1632.int    ; Placeholder                # local_vars=10
TMP1633.int    ; Placeholder                # local_vars=10
TMP1634.int    ; Placeholder                # local_vars=10
TMP1635.int    ; Placeholder                # local_vars=10
TMP1636.int    ; Placeholder                # local_vars=10
TMP1637.int    ; Placeholder                # local_vars=10
TMP1638.int    ; Placeholder                # local_vars=10
TMP1639.int    ; Placeholder                # local_vars=10
TMP1640.int    ; Placeholder                # local_vars=10
TMP1641.int    ; Placeholder                # local_vars=10
TMP1642.int    ; Placeholder                # local_vars=10
TMP1643.int    ; Placeholder                # local_vars=10
TMP1644.int    ; Placeholder                # local_vars=10
TMP1645.int    ; Placeholder                # local_vars=10
TMP1646.int    ; Placeholder                # local_vars=10
TMP1647.int    ; Placeholder                # local_vars=10
TMP1648.int    ; Placeholder                # local_vars=10
TMP1649.int    ; Placeholder                # local_vars=10
TMP1650.int    ; Placeholder                # local_vars=10
TMP1651.int    ; Placeholder                # local_vars=10
TMP1652.int    ; Placeholder                # local_vars=10
TMP1653.int    ; Placeholder                # local_vars=10
TMP1654.int    ; Placeholder                # local_vars=10
TMP1655.int    ; Placeholder                # local_vars=10
TMP1656.int    ; Placeholder                # local_vars=10
TMP1657.int    ; Placeholder                # local_vars=10
TMP1658.int    ; Placeholder                # local_vars=10
TMP1659.int    ; Placeholder                # local_vars=10
TMP1660.int    ; Placeholder                # local_vars=10
TMP1661.int    ; Placeholder                # local_vars=10
TMP1662.int    ; Placeholder                # local_vars=10
TMP1663.int    ; Placeholder                # local_vars=10
TMP1664.int    ; Placeholder                # local_vars=10
TMP1665.int    ; Placeholder                # local_vars=10
TMP1666.int    ; Placeholder                # local_vars=10
TMP1667.int    ; Placeholder                # local_vars=10
TMP1668.int    ; Placeholder                # local_vars=10
TMP1669.int    ; Placeholder                # local_vars=10
TMP1670.int    ; Placeholder                # local_vars=10
TMP1671.int    ; Placeholder                # local_vars=10
TMP1672.int    ; Placeholder                # local_vars=10
TMP1673.int    ; Placeholder                # local_vars=10
TMP1674.int    ; Placeholder                # local_vars=10
TMP1675.int    ; Placeholder                # local_vars=10
TMP1676.int    ; Placeholder                # local_vars=10
TMP1677.int    ; Placeholder                # local_vars=10
TMP1678.int    ; Placeholder                # local_vars=10
TMP1679.int    ; Placeholder                # local_vars=10
TMP1680.int    ; Placeholder                # local_vars=10
TMP1681.int    ; Placeholder                # local_vars=10
TMP1682.int    ; Placeholder                # local_vars=10
TMP1683.int    ; Placeholder                # local_vars=10
TMP1684.int    ; Placeholder                # local_vars=10
TMP1685.int    ; Placeholder                # local_vars=10
TMP1686.int    ; Placeholder                # local_vars=10
TMP1687.int    ; Placeholder                # local_vars=10
TMP1688.int    ; Placeholder                # local_vars=10
TMP1689.int    ; Placeholder                # local_vars=10
TMP1690.int    ; Placeholder                # local_vars=10
TMP1691.int    ; Placeholder                # local_vars=10
TMP1692.int    ; Placeholder                # local_vars=10
TMP1693.int    ; Placeholder                # local_vars=10
TMP1694.int    ; Placeholder                # local_vars=10
TMP1695.int    ; Placeholder                # local_vars=10
TMP1696.int    ; Placeholder                # local_vars=10
TMP1697.int    ; Placeholder                # local_vars=10
TMP1698.int    ; Placeholder                # local_vars=10
TMP1699.int    ; Placeholder                # local_vars=10
TMP1700.int    ; Placeholder                # local_vars=10
TMP1701.int    ; Placeholder                # local_vars=10
TMP1702.int    ; Placeholder                # local_vars=10
TMP1703.int    ; Placeholder                # local_vars=10
TMP1704.int    ; Placeholder                # local_vars=10
TMP1705.int    ; Placeholder                # local_vars=10
TMP1706.int    ; Placeholder                # local_vars=10
TMP1707.int    ; Placeholder                # local_vars=10
TMP1708.int    ; Placeholder                # local_vars=10
TMP1709.int    ; Placeholder                # local_vars=10
TMP1710.int    ; Placeholder                # local_vars=10
TMP1711.int    ; Placeholder                # local_vars=10
TMP1712.int    ; Placeholder                # local_vars=10
TMP1713.int    ; Placeholder                # local_vars=10
TMP1714.int    ; Placeholder                # local_vars=10
TMP1715.int    ; Placeholder                # local_vars=10
TMP1716.int    ; Placeholder                # local_vars=10
TMP1717.int    ; Placeholder                # local_vars=10
TMP1718.int    ; Placeholder                # local_vars=10
TMP1719.int    ; Placeholder                # local_vars=10
TMP1720.int    ; Placeholder                # local_vars=10
TMP1721.int    ; Placeholder                # local_vars=10
TMP1722.int    ; Placeholder                # local_vars=10
TMP1723.int    ; Placeholder                # local_vars=10
TMP1724.int    ; Placeholder                # local_vars=10
TMP1725.int    ; Placeholder                # local_vars=10
TMP1726.int    ; Placeholder                # local_vars=10
TMP1727.int    ; Placeholder                # local_vars=10
TMP1728.int    ; Placeholder                # local_vars=10
TMP1729.int    ; Placeholder                # local_vars=10
TMP1730.int    ; Placeholder                # local_vars=10
TMP1731.int    ; Placeholder                # local_vars=10
TMP1732.int    ; Placeholder                # local_vars=10
TMP1733.int    ; Placeholder                # local_vars=10
TMP1734.int    ; Placeholder                # local_vars=10
TMP1735.int    ; Placeholder                # local_vars=10
TMP1736.int    ; Placeholder                # local_vars=10
TMP1737.int    ; Placeholder                # local_vars=10
TMP1738.int    ; Placeholder                # local_vars=10
TMP1739.int    ; Placeholder                # local_vars=10
TMP1740.int    ; Placeholder                # local_vars=10
TMP1741.int    ; Placeholder                # local_vars=10
TMP1742.int    ; Placeholder                # local_vars=10
TMP1743.int    ; Placeholder                # local_vars=10
TMP1744.int    ; Placeholder                # local_vars=10
TMP1745.int    ; Placeholder                # local_vars=10
TMP1746.int    ; Placeholder                # local_vars=10
TMP1747.int    ; Placeholder                # local_vars=10
TMP1748.int    ; Placeholder                # local_vars=10
TMP1749.int    ; Placeholder                # local_vars=10
TMP1750.int    ; Placeholder                # local_vars=10
TMP1751.int    ; Placeholder                # local_vars=10
TMP1752.int    ; Placeholder                # local_vars=10
TMP1753.int    ; Placeholder                # local_vars=10
TMP1754.int    ; Placeholder                # local_vars=10
TMP1755.int    ; Placeholder                # local_vars=10
TMP1756.int    ; Placeholder                # local_vars=10
TMP1757.int    ; Placeholder                # local_vars=10
TMP1758.int    ; Placeholder                # local_vars=10
TMP1759.int    ; Placeholder                # local_vars=10
TMP1760.int    ; Placeholder                # local_vars=10
TMP1761.int    ; Placeholder                # local_vars=10
TMP1762.int    ; Placeholder                # local_vars=10
TMP1763.int    ; Placeholder                # local_vars=10
TMP1764.int    ; Placeholder                # local_vars=10
TMP1765.int    ; Placeholder                # local_vars=10
TMP1766.int    ; Placeholder                # local_vars=10
TMP1767.int    ; Placeholder                # local_vars=10
TMP1768.int    ; Placeholder                # local_vars=10
TMP1769.int    ; Placeholder                # local_vars=10
TMP1770.int    ; Placeholder                # local_vars=10
TMP1771.int    ; Placeholder                # local_vars=10
TMP1772.int    ; Placeholder                # local_vars=10
TMP1773.int    ; Placeholder                # local_vars=10
TMP1774.int    ; Placeholder                # local_vars=10
TMP1775.int    ; Placeholder                # local_vars=10
TMP1776.int    ; Placeholder                # local_vars=10
TMP1777.int    ; Placeholder                # local_vars=10
TMP1778.int    ; Placeholder                # local_vars=10
TMP1779.int    ; Placeholder                # local_vars=10
TMP1780.int    ; Placeholder                # local_vars=10
TMP1781.int    ; Placeholder                # local_vars=10
TMP1782.int    ; Placeholder                # local_vars=10
TMP1783.int    ; Placeholder                # local_vars=10
TMP1784.int    ; Placeholder                # local_vars=10
TMP1785.int    ; Placeholder                # local_vars=10
TMP1786.int    ; Placeholder                # local_vars=10
TMP1787.int    ; Placeholder                # local_vars=10
TMP1788.int    ; Placeholder                # local_vars=10
TMP1789.int    ; Placeholder                # local_vars=10
TMP1790.int    ; Placeholder                # local_vars=10
TMP1791.int    ; Placeholder                # local_vars=10
TMP1792.int    ; Placeholder                # local_vars=10
TMP1793.int    ; Placeholder                # local_vars=10
TMP1794.int    ; Placeholder                # local_vars=10
TMP1795.int    ; Placeholder                # local_vars=10
TMP1796.int    ; Placeholder                # local_vars=10
TMP1797.int    ; Placeholder                # local_vars=10
TMP1798.int    ; Placeholder                # local_vars=10
TMP1799.int    ; Placeholder                # local_vars=10
TMP1800.int    ; Placeholder                # local_vars=10
TMP1801.int    ; Placeholder                # local_vars=10
TMP1802.int    ; Placeholder                # local_vars=10
TMP1803.int    ; Placeholder                # local_vars=10
TMP1804.int    ; Placeholder                # local_vars=10
TMP1805.int    ; Placeholder                # local_vars=10
TMP1806.int    ; Placeholder                # local_vars=10
TMP1807.int    ; Placeholder                # local_vars=10
TMP1808.int    ; Placeholder                # local_vars=10
TMP1809.int    ; Placeholder                # local_vars=10
TMP1810.int    ; Placeholder                # local_vars=10
TMP1811.int    ; Placeholder                # local_vars=10
TMP1812.int    ; Placeholder                # local_vars=10
TMP1813.int    ; Placeholder                # local_vars=10
TMP1814.int    ; Placeholder                # local_vars=10
TMP1815.int    ; Placeholder                # local_vars=10
TMP1816.int    ; Placeholder                # local_vars=10
TMP1817.int    ; Placeholder                # local_vars=10
TMP1818.int    ; Placeholder                # local_vars=10
TMP1819.int    ; Placeholder                # local_vars=10
TMP1820.int    ; Placeholder                # local_vars=10
TMP1821.int    ; Placeholder                # local_vars=10
TMP1822.int    ; Placeholder                # local_vars=10
TMP1823.int    ; Placeholder                # local_vars=10
TMP1824.int    ; Placeholder                # local_vars=10
TMP1825.int    ; Placeholder                # local_vars=10
TMP1826.int    ; Placeholder                # local_vars=10
TMP1827.int    ; Placeholder                # local_vars=10
TMP1828.int    ; Placeholder                # local_vars=10
TMP1829.int    ; Placeholder                # local_vars=10
TMP1830.int    ; Placeholder                # local_vars=10
TMP1831.int    ; Placeholder                # local_vars=10
TMP1832.int    ; Placeholder                # local_vars=10
TMP1833.int    ; Placeholder                # local_vars=10
TMP1834.int    ; Placeholder                # local_vars=10
TMP1835.int    ; Placeholder                # local_vars=10
TMP1836.int    ; Placeholder                # local_vars=10
TMP1837.int    ; Placeholder                # local_vars=10
TMP1838.int    ; Placeholder                # local_vars=10
TMP1839.int    ; Placeholder                # local_vars=10
TMP1840.int    ; Placeholder                # local_vars=10
TMP1841.int    ; Placeholder                # local_vars=10
TMP1842.int    ; Placeholder                # local_vars=10
TMP1843.int    ; Placeholder                # local_vars=10
TMP1844.int    ; Placeholder                # local_vars=10
TMP1845.int    ; Placeholder                # local_vars=10
TMP1846.int    ; Placeholder                # local_vars=10
TMP1847.int    ; Placeholder                # local_vars=10
TMP1848.int    ; Placeholder                # local_vars=10
TMP1849.int    ; Placeholder                # local_vars=10
TMP1850.int    ; Placeholder                # local_vars=10
TMP1851.int    ; Placeholder                # local_vars=10
TMP1852.int    ; Placeholder                # local_vars=10
TMP1853.int    ; Placeholder                # local_vars=10
TMP1854.int    ; Placeholder                # local_vars=10
TMP1855.int    ; Placeholder                # local_vars=10
TMP1856.int    ; Placeholder                # local_vars=10
TMP1857.int    ; Placeholder                # local_vars=10
TMP1858.int    ; Placeholder                # local_vars=10
TMP1859.int    ; Placeholder                # local_vars=10
TMP1860.int    ; Placeholder                # local_vars=10
TMP1861.int    ; Placeholder                # local_vars=10
TMP1862.int    ; Placeholder                # local_vars=10
TMP1863.int    ; Placeholder                # local_vars=10
TMP1864.int    ; Placeholder                # local_vars=10
TMP1865.int    ; Placeholder                # local_vars=10
TMP1866.int    ; Placeholder                # local_vars=10
TMP1867.int    ; Placeholder                # local_vars=10
TMP1868.int    ; Placeholder                # local_vars=10
TMP1869.int    ; Placeholder                # local_vars=10
TMP1870.int    ; Placeholder                # local_vars=10
TMP1871.int    ; Placeholder                # local_vars=10
TMP1872.int    ; Placeholder                # local_vars=10
TMP1873.int    ; Placeholder                # local_vars=10
TMP1874.int    ; Placeholder                # local_vars=10
TMP1875.int    ; Placeholder                # local_vars=10
TMP1876.int    ; Placeholder                # local_vars=10
TMP1877.int    ; Placeholder                # local_vars=10
TMP1878.int    ; Placeholder                # local_vars=10
TMP1879.int    ; Placeholder                # local_vars=10
TMP1880.int    ; Placeholder                # local_vars=10
TMP1881.int    ; Placeholder                # local_vars=10
TMP1882.int    ; Placeholder                # local_vars=10
TMP1883.int    ; Placeholder                # local_vars=10
TMP1884.int    ; Placeholder                # local_vars=10
TMP1885.int    ; Placeholder                # local_vars=10
TMP1886.int    ; Placeholder                # local_vars=10
TMP1887.int    ; Placeholder                # local_vars=10
TMP1888.int    ; Placeholder                # local_vars=10
TMP1889.int    ; Placeholder                # local_vars=10
TMP1890.int    ; Placeholder                # local_vars=10
TMP1891.int    ; Placeholder                # local_vars=10
TMP1892.int    ; Placeholder                # local_vars=10
TMP1893.int    ; Placeholder                # local_vars=10
TMP1894.int    ; Placeholder                # local_vars=10
TMP1895.int    ; Placeholder                # local_vars=10
TMP1896.int    ; Placeholder                # local_vars=10
TMP1897.int    ; Placeholder                # local_vars=10
TMP1898.int    ; Placeholder                # local_vars=10
TMP1899.int    ; Placeholder                # local_vars=10
TMP1900.int    ; Placeholder                # local_vars=10
TMP1901.int    ; Placeholder                # local_vars=10
TMP1902.int    ; Placeholder                # local_vars=10
TMP1903.int    ; Placeholder                # local_vars=10
TMP1904.int    ; Placeholder                # local_vars=10
TMP1905.int    ; Placeholder                # local_vars=10
TMP1906.int    ; Placeholder                # local_vars=10
TMP1907.int    ; Placeholder                # local_vars=10
TMP1908.int    ; Placeholder                # local_vars=10
TMP1909.int    ; Placeholder                # local_vars=10
TMP1910.int    ; Placeholder                # local_vars=10
TMP1911.int    ; Placeholder                # local_vars=10
TMP1912.int    ; Placeholder                # local_vars=10
TMP1913.int    ; Placeholder                # local_vars=10
TMP1914.int    ; Placeholder                # local_vars=10
TMP1915.int    ; Placeholder                # local_vars=10
TMP1916.int    ; Placeholder                # local_vars=10
TMP1917.int    ; Placeholder                # local_vars=10
TMP1918.int    ; Placeholder                # local_vars=10
TMP1919.int    ; Placeholder                # local_vars=10
TMP1920.int    ; Placeholder                # local_vars=10
TMP1921.int    ; Placeholder                # local_vars=10
TMP1922.int    ; Placeholder                # local_vars=10
TMP1923.int    ; Placeholder                # local_vars=10
TMP1924.int    ; Placeholder                # local_vars=10
TMP1925.int    ; Placeholder                # local_vars=10
TMP1926.int    ; Placeholder                # local_vars=10
TMP1927.int    ; Placeholder                # local_vars=10
TMP1928.int    ; Placeholder                # local_vars=10
TMP1929.int    ; Placeholder                # local_vars=10
TMP1930.int    ; Placeholder                # local_vars=10
TMP1931.int    ; Placeholder                # local_vars=10
TMP1932.int    ; Placeholder                # local_vars=10
TMP1933.int    ; Placeholder                # local_vars=10
TMP1934.int    ; Placeholder                # local_vars=10
TMP1935.int    ; Placeholder                # local_vars=10
TMP1936.int    ; Placeholder                # local_vars=10
TMP1937.int    ; Placeholder                # local_vars=10
TMP1938.int    ; Placeholder                # local_vars=10
TMP1939.int    ; Placeholder                # local_vars=10
TMP1940.int    ; Placeholder                # local_vars=10
TMP1941.int    ; Placeholder                # local_vars=10
TMP1942.int    ; Placeholder                # local_vars=10
TMP1943.int    ; Placeholder                # local_vars=10
TMP1944.int    ; Placeholder                # local_vars=10
TMP1945.int    ; Placeholder                # local_vars=10
TMP1946.int    ; Placeholder                # local_vars=10
TMP1947.int    ; Placeholder                # local_vars=10
TMP1948.int    ; Placeholder                # local_vars=10
TMP1949.int    ; Placeholder                # local_vars=10
TMP1950.int    ; Placeholder                # local_vars=10
TMP1951.int    ; Placeholder                # local_vars=10
TMP1952.int    ; Placeholder                # local_vars=10
TMP1953.int    ; Placeholder                # local_vars=10
TMP1954.int    ; Placeholder                # local_vars=10
TMP1955.int    ; Placeholder                # local_vars=10
TMP1956.int    ; Placeholder                # local_vars=10
TMP1957.int    ; Placeholder                # local_vars=10
TMP1958.int    ; Placeholder                # local_vars=10
TMP1959.int    ; Placeholder                # local_vars=10
TMP1960.int    ; Placeholder                # local_vars=10
TMP1961.int    ; Placeholder                # local_vars=10
TMP1962.int    ; Placeholder                # local_vars=10
TMP1963.int    ; Placeholder                # local_vars=10
TMP1964.int    ; Placeholder                # local_vars=10
TMP1965.int    ; Placeholder                # local_vars=10
TMP1966.int    ; Placeholder                # local_vars=10
TMP1967.int    ; Placeholder                # local_vars=10
TMP1968.int    ; Placeholder                # local_vars=10
TMP1969.int    ; Placeholder                # local_vars=10
TMP1970.int    ; Placeholder                # local_vars=10
TMP1971.int    ; Placeholder                # local_vars=10
TMP1972.int    ; Placeholder                # local_vars=10
TMP1973.int    ; Placeholder                # local_vars=10
TMP1974.int    ; Placeholder                # local_vars=10
TMP1975.int    ; Placeholder                # local_vars=10
TMP1976.int    ; Placeholder                # local_vars=10
TMP1977.int    ; Placeholder                # local_vars=10
TMP1978.int    ; Placeholder                # local_vars=10
TMP1979.int    ; Placeholder                # local_vars=10
TMP1980.int    ; Placeholder                # local_vars=10
TMP1981.int    ; Placeholder                # local_vars=10
TMP1982.int    ; Placeholder                # local_vars=10
TMP1983.int    ; Placeholder                # local_vars=10
TMP1984.int    ; Placeholder                # local_vars=10
TMP1985.int    ; Placeholder                # local_vars=10
TMP1986.int    ; Placeholder                # local_vars=10
TMP1987.int    ; Placeholder                # local_vars=10
TMP1988.int    ; Placeholder                # local_vars=10
TMP1989.int    ; Placeholder                # local_vars=10
TMP1990.int    ; Placeholder                # local_vars=10
TMP1991.int    ; Placeholder                # local_vars=10
TMP1992.int    ; Placeholder                # local_vars=10
TMP1993.int    ; Placeholder                # local_vars=10
TMP1994.int    ; Placeholder                # local_vars=10
TMP1995.int    ; Placeholder                # local_vars=10
TMP1996.int    ; Placeholder                # local_vars=10
TMP1997.int    ; Placeholder                # local_vars=10
TMP1998.int    ; Placeholder                # local_vars=10
TMP1999.int    ; Placeholder                # local_vars=10
TMP2000.int    ; Placeholder                # local_vars=10
TMP2001.int    ; Placeholder                # local_vars=10
TMP2002.int    ; Placeholder                # local_vars=10
TMP2003.int    ; Placeholder                # local_vars=10
TMP2004.int    ; Placeholder                # local_vars=10
TMP2005.int    ; Placeholder                # local_vars=10
TMP2006.int    ; Placeholder                # local_vars=10
TMP2007.int    ; Placeholder                # local_vars=10
TMP2008.int    ; Placeholder                # local_vars=10
TMP2009.int    ; Placeholder                # local_vars=10
TMP2010.int    ; Placeholder                # local_vars=10
TMP2011.int    ; Placeholder                # local_vars=10
TMP2012.int    ; Placeholder                # local_vars=10
TMP2013.int    ; Placeholder                # local_vars=10
TMP2014.int    ; Placeholder                # local_vars=10
TMP2015.int    ; Placeholder                # local_vars=10
TMP2016.int    ; Placeholder                # local_vars=10
TMP2017.int    ; Placeholder                # local_vars=10
TMP2018.int    ; Placeholder                # local_vars=10
TMP2019.int    ; Placeholder                # local_vars=10
TMP2020.int    ; Placeholder                # local_vars=10
TMP2021.int    ; Placeholder                # local_vars=10
TMP2022.int    ; Placeholder                # local_vars=10
TMP2023.int    ; Placeholder                # local_vars=10
TMP2024.int    ; Placeholder                # local_vars=10
TMP2025.int    ; Placeholder                # local_vars=10
TMP2026.int    ; Placeholder                # local_vars=10
TMP2027.int    ; Placeholder                # local_vars=10
TMP2028.int    ; Placeholder                # local_vars=10
TMP2029.int    ; Placeholder                # local_vars=10
TMP2030.int    ; Placeholder                # local_vars=10
TMP2031.int    ; Placeholder                # local_vars=10
TMP2032.int    ; Placeholder                # local_vars=10
TMP2033.int    ; Placeholder                # local_vars=10
TMP2034.int    ; Placeholder                # local_vars=10
TMP2035.int    ; Placeholder                # local_vars=10
TMP2036.int    ; Placeholder                # local_vars=10
TMP2037.int    ; Placeholder                # local_vars=10
TMP2038.int    ; Placeholder                # local_vars=10
TMP2039.int    ; Placeholder                # local_vars=10
TMP2040.int    ; Placeholder                # local_vars=10
TMP2041.int    ; Placeholder                # local_vars=10
TMP2042.int    ; Placeholder                # local_vars=10
TMP2043.int    ; Placeholder                # local_vars=10
TMP2044.int    ; Placeholder                # local_vars=10
TMP2045.int    ; Placeholder                # local_vars=10
TMP2046.int    ; Placeholder                # local_vars=10
TMP2047.int    ; Placeholder                # local_vars=10
TMP2048.int    ; Placeholder                # local_vars=10
TMP2049.int    ; Placeholder                # local_vars=10
TMP2050.int    ; Placeholder                # local_vars=10
TMP2051.int    ; Placeholder                # local_vars=10
TMP2052.int    ; Placeholder                # local_vars=10
TMP2053.int    ; Placeholder                # local_vars=10
TMP2054.int    ; Placeholder                # local_vars=10
TMP2055.int    ; Placeholder                # local_vars=10
TMP2056.int    ; Placeholder                # local_vars=10
TMP2057.int    ; Placeholder                # local_vars=10
TMP2058.int    ; Placeholder                # local_vars=10
TMP2059.int    ; Placeholder                # local_vars=10
TMP2060.int    ; Placeholder                # local_vars=10
TMP2061.int    ; Placeholder                # local_vars=10
TMP2062.int    ; Placeholder                # local_vars=10
TMP2063.int    ; Placeholder                # local_vars=10
TMP2064.int    ; Placeholder                # local_vars=10
TMP2065.int    ; Placeholder                # local_vars=10
TMP2066.int    ; Placeholder                # local_vars=10
TMP2067.int    ; Placeholder                # local_vars=10
TMP2068.int    ; Placeholder                # local_vars=10
TMP2069.int    ; Placeholder                # local_vars=10
TMP2070.int    ; Placeholder                # local_vars=10
TMP2071.int    ; Placeholder                # local_vars=10
TMP2072.int    ; Placeholder                # local_vars=10
TMP2073.int    ; Placeholder                # local_vars=10
TMP2074.int    ; Placeholder                # local_vars=10
TMP2075.int    ; Placeholder                # local_vars=10
TMP2076.int    ; Placeholder                # local_vars=10
TMP2077.int    ; Placeholder                # local_vars=10
TMP2078.int    ; Placeholder                # local_vars=10
TMP2079.int    ; Placeholder                # local_vars=10
TMP2080.int    ; Placeholder                # local_vars=10
TMP2081.int    ; Placeholder                # local_vars=10
TMP2082.int    ; Placeholder                # local_vars=10
TMP2083.int    ; Placeholder                # local_vars=10
TMP2084.int    ; Placeholder                # local_vars=10
TMP2085.int    ; Placeholder                # local_vars=10
TMP2086.int    ; Placeholder                # local_vars=10
TMP2087.int    ; Placeholder                # local_vars=10
TMP2088.int    ; Placeholder                # local_vars=10
TMP2089.int    ; Placeholder                # local_vars=10
TMP2090.int    ; Placeholder                # local_vars=10
TMP2091.int    ; Placeholder                # local_vars=10
TMP2092.int    ; Placeholder                # local_vars=10
TMP2093.int    ; Placeholder                # local_vars=10
TMP2094.int    ; Placeholder                # local_vars=10
TMP2095.int    ; Placeholder                # local_vars=10
TMP2096.int    ; Placeholder                # local_vars=10
TMP2097.int    ; Placeholder                # local_vars=10
TMP2098.int    ; Placeholder                # local_vars=10
TMP2099.int    ; Placeholder                # local_vars=10
TMP2100.int    ; Placeholder                # local_vars=10
TMP2101.int    ; Placeholder                # local_vars=10
TMP2102.int    ; Placeholder                # local_vars=10
TMP2103.int    ; Placeholder                # local_vars=10
TMP2104.int    ; Placeholder                # local_vars=10
TMP2105.int    ; Placeholder                # local_vars=10
TMP2106.int    ; Placeholder                # local_vars=10
TMP2107.int    ; Placeholder                # local_vars=10
TMP2108.int    ; Placeholder                # local_vars=10
TMP2109.int    ; Placeholder                # local_vars=10
TMP2110.int    ; Placeholder                # local_vars=10
TMP2111.int    ; Placeholder                # local_vars=10
TMP2112.int    ; Placeholder                # local_vars=10
TMP2113.int    ; Placeholder                # local_vars=10
TMP2114.int    ; Placeholder                # local_vars=10
TMP2115.int    ; Placeholder                # local_vars=10
TMP2116.int    ; Placeholder                # local_vars=10
TMP2117.int    ; Placeholder                # local_vars=10
TMP2118.int    ; Placeholder                # local_vars=10
TMP2119.int    ; Placeholder                # local_vars=10
TMP2120.int    ; Placeholder                # local_vars=10
TMP2121.int    ; Placeholder                # local_vars=10
TMP2122.int    ; Placeholder                # local_vars=10
TMP2123.int    ; Placeholder                # local_vars=10
TMP2124.int    ; Placeholder                # local_vars=10
TMP2125.int    ; Placeholder                # local_vars=10
TMP2126.int    ; Placeholder                # local_vars=10
TMP2127.int    ; Placeholder                # local_vars=10
TMP2128.int    ; Placeholder                # local_vars=10
TMP2129.int    ; Placeholder                # local_vars=10
TMP2130.int    ; Placeholder                # local_vars=10
TMP2131.int    ; Placeholder                # local_vars=10
TMP2132.int    ; Placeholder                # local_vars=10
TMP2133.int    ; Placeholder                # local_vars=10
TMP2134.int    ; Placeholder                # local_vars=10
TMP2135.int    ; Placeholder                # local_vars=10
TMP2136.int    ; Placeholder                # local_vars=10
TMP2137.int    ; Placeholder                # local_vars=10
TMP2138.int    ; Placeholder                # local_vars=10
TMP2139.int    ; Placeholder                # local_vars=10
TMP2140.int    ; Placeholder                # local_vars=10
TMP2141.int    ; Placeholder                # local_vars=10
TMP2142.int    ; Placeholder                # local_vars=10
TMP2143.int    ; Placeholder                # local_vars=10
TMP2144.int    ; Placeholder                # local_vars=10
TMP2145.int    ; Placeholder                # local_vars=10
TMP2146.int    ; Placeholder                # local_vars=10
TMP2147.int    ; Placeholder                # local_vars=10
TMP2148.int    ; Placeholder                # local_vars=10
TMP2149.int    ; Placeholder                # local_vars=10
TMP2150.int    ; Placeholder                # local_vars=10
TMP2151.int    ; Placeholder                # local_vars=10
TMP2152.int    ; Placeholder                # local_vars=10
TMP2153.int    ; Placeholder                # local_vars=10
TMP2154.int    ; Placeholder                # local_vars=10
TMP2155.int    ; Placeholder                # local_vars=10
TMP2156.int    ; Placeholder                # local_vars=10
TMP2157.int    ; Placeholder                # local_vars=10
TMP2158.int    ; Placeholder                # local_vars=10
TMP2159.int    ; Placeholder                # local_vars=10
TMP2160.int    ; Placeholder                # local_vars=10
TMP2161.int    ; Placeholder                # local_vars=10
TMP2162.int    ; Placeholder                # local_vars=10
TMP2163.int    ; Placeholder                # local_vars=10
TMP2164.int    ; Placeholder                # local_vars=10
TMP2165.int    ; Placeholder                # local_vars=10
TMP2166.int    ; Placeholder                # local_vars=10
TMP2167.int    ; Placeholder                # local_vars=10
TMP2168.int    ; Placeholder                # local_vars=10
TMP2169.int    ; Placeholder                # local_vars=10
TMP2170.int    ; Placeholder                # local_vars=10
TMP2171.int    ; Placeholder                # local_vars=10
TMP2172.int    ; Placeholder                # local_vars=10
TMP2173.int    ; Placeholder                # local_vars=10
TMP2174.int    ; Placeholder                # local_vars=10
TMP2175.int    ; Placeholder                # local_vars=10
TMP2176.int    ; Placeholder                # local_vars=10
TMP2177.int    ; Placeholder                # local_vars=10
TMP2178.int    ; Placeholder                # local_vars=10
TMP2179.int    ; Placeholder                # local_vars=10
TMP2180.int    ; Placeholder                # local_vars=10
TMP2181.int    ; Placeholder                # local_vars=10
TMP2182.int    ; Placeholder                # local_vars=10
TMP2183.int    ; Placeholder                # local_vars=10
TMP2184.int    ; Placeholder                # local_vars=10
TMP2185.int    ; Placeholder                # local_vars=10
TMP2186.int    ; Placeholder                # local_vars=10
TMP2187.int    ; Placeholder                # local_vars=10
TMP2188.int    ; Placeholder                # local_vars=10
TMP2189.int    ; Placeholder                # local_vars=10
TMP2190.int    ; Placeholder                # local_vars=10
TMP2191.int    ; Placeholder                # local_vars=10
TMP2192.int    ; Placeholder                # local_vars=10
TMP2193.int    ; Placeholder                # local_vars=10
TMP2194.int    ; Placeholder                # local_vars=10
TMP2195.int    ; Placeholder                # local_vars=10
TMP2196.int    ; Placeholder                # local_vars=10
TMP2197.int    ; Placeholder                # local_vars=10
TMP2198.int    ; Placeholder                # local_vars=10
TMP2199.int    ; Placeholder                # local_vars=10
TMP2200.int    ; Placeholder                # local_vars=10
TMP2201.int    ; Placeholder                # local_vars=10
TMP2202.int    ; Placeholder                # local_vars=10
TMP2203.int    ; Placeholder                # local_vars=10
TMP2204.int    ; Placeholder                # local_vars=10
TMP2205.int    ; Placeholder                # local_vars=10
TMP2206.int    ; Placeholder                # local_vars=10
TMP2207.int    ; Placeholder                # local_vars=10
TMP2208.int    ; Placeholder                # local_vars=10
TMP2209.int    ; Placeholder                # local_vars=10
TMP2210.int    ; Placeholder                # local_vars=10
TMP2211.int    ; Placeholder                # local_vars=10
TMP2212.int    ; Placeholder                # local_vars=10
TMP2213.int    ; Placeholder                # local_vars=10
TMP2214.int    ; Placeholder                # local_vars=10
TMP2215.int    ; Placeholder                # local_vars=10
TMP2216.int    ; Placeholder                # local_vars=10
TMP2217.int    ; Placeholder                # local_vars=10
TMP2218.int    ; Placeholder                # local_vars=10
TMP2219.int    ; Placeholder                # local_vars=10
TMP2220.int    ; Placeholder                # local_vars=10
TMP2221.int    ; Placeholder                # local_vars=10
TMP2222.int    ; Placeholder                # local_vars=10
TMP2223.int    ; Placeholder                # local_vars=10
TMP2224.int    ; Placeholder                # local_vars=10
TMP2225.int    ; Placeholder                # local_vars=10
TMP2226.int    ; Placeholder                # local_vars=10
TMP2227.int    ; Placeholder                # local_vars=10
TMP2228.int    ; Placeholder                # local_vars=10
TMP2229.int    ; Placeholder                # local_vars=10
TMP2230.int    ; Placeholder                # local_vars=10
TMP2231.int    ; Placeholder                # local_vars=10
TMP2232.int    ; Placeholder                # local_vars=10
TMP2233.int    ; Placeholder                # local_vars=10
TMP2234.int    ; Placeholder                # local_vars=10
TMP2235.int    ; Placeholder                # local_vars=10
TMP2236.int    ; Placeholder                # local_vars=10
TMP2237.int    ; Placeholder                # local_vars=10
TMP2238.int    ; Placeholder                # local_vars=10
TMP2239.int    ; Placeholder                # local_vars=10
TMP2240.int    ; Placeholder                # local_vars=10
TMP2241.int    ; Placeholder                # local_vars=10
TMP2242.int    ; Placeholder                # local_vars=10
TMP2243.int    ; Placeholder                # local_vars=10
TMP2244.int    ; Placeholder                # local_vars=10
TMP2245.int    ; Placeholder                # local_vars=10
TMP2246.int    ; Placeholder                # local_vars=10
TMP2247.int    ; Placeholder                # local_vars=10
TMP2248.int    ; Placeholder                # local_vars=10
TMP2249.int    ; Placeholder                # local_vars=10
TMP2250.int    ; Placeholder                # local_vars=10
TMP2251.int    ; Placeholder                # local_vars=10
TMP2252.int    ; Placeholder                # local_vars=10
TMP2253.int    ; Placeholder                # local_vars=10
TMP2254.int    ; Placeholder                # local_vars=10
TMP2255.int    ; Placeholder                # local_vars=10
TMP2256.int    ; Placeholder                # local_vars=10
TMP2257.int    ; Placeholder                # local_vars=10
TMP2258.int    ; Placeholder                # local_vars=10
TMP2259.int    ; Placeholder                # local_vars=10
TMP2260.int    ; Placeholder                # local_vars=10
TMP2261.int    ; Placeholder                # local_vars=10
TMP2262.int    ; Placeholder                # local_vars=10
TMP2263.int    ; Placeholder                # local_vars=10
TMP2264.int    ; Placeholder                # local_vars=10
TMP2265.int    ; Placeholder                # local_vars=10
TMP2266.int    ; Placeholder                # local_vars=10
TMP2267.int    ; Placeholder                # local_vars=10
TMP2268.int    ; Placeholder                # local_vars=10
TMP2269.int    ; Placeholder                # local_vars=10
TMP2270.int    ; Placeholder                # local_vars=10
TMP2271.int    ; Placeholder                # local_vars=10
TMP2272.int    ; Placeholder                # local_vars=10
TMP2273.int    ; Placeholder                # local_vars=10
TMP2274.int    ; Placeholder                # local_vars=10
TMP2275.int    ; Placeholder                # local_vars=10
TMP2276.int    ; Placeholder                # local_vars=10
TMP2277.int    ; Placeholder                # local_vars=10
TMP2278.int    ; Placeholder                # local_vars=10
TMP2279.int    ; Placeholder                # local_vars=10
TMP2280.int    ; Placeholder                # local_vars=10
TMP2281.int    ; Placeholder                # local_vars=10
TMP2282.int    ; Placeholder                # local_vars=10
TMP2283.int    ; Placeholder                # local_vars=10
TMP2284.int    ; Placeholder                # local_vars=10
TMP2285.int    ; Placeholder                # local_vars=10
TMP2286.int    ; Placeholder                # local_vars=10
TMP2287.int    ; Placeholder                # local_vars=10
TMP2288.int    ; Placeholder                # local_vars=10
TMP2289.int    ; Placeholder                # local_vars=10
TMP2290.int    ; Placeholder                # local_vars=10
TMP2291.int    ; Placeholder                # local_vars=10
TMP2292.int    ; Placeholder                # local_vars=10
TMP2293.int    ; Placeholder                # local_vars=10
TMP2294.int    ; Placeholder                # local_vars=10
TMP2295.int    ; Placeholder                # local_vars=10
TMP2296.int    ; Placeholder                # local_vars=10
TMP2297.int    ; Placeholder                # local_vars=10
TMP2298.int    ; Placeholder                # local_vars=10
TMP2299.int    ; Placeholder                # local_vars=10
TMP2300.int    ; Placeholder                # local_vars=10
TMP2301.int    ; Placeholder                # local_vars=10
TMP2302.int    ; Placeholder                # local_vars=10
TMP2303.int    ; Placeholder                # local_vars=10
TMP2304.int    ; Placeholder                # local_vars=10
TMP2305.int    ; Placeholder                # local_vars=10
TMP2306.int    ; Placeholder                # local_vars=10
TMP2307.int    ; Placeholder                # local_vars=10
TMP2308.int    ; Placeholder                # local_vars=10
TMP2309.int    ; Placeholder                # local_vars=10
TMP2310.int    ; Placeholder                # local_vars=10
TMP2311.int    ; Placeholder                # local_vars=10
TMP2312.int    ; Placeholder                # local_vars=10
TMP2313.int    ; Placeholder                # local_vars=10
TMP2314.int    ; Placeholder                # local_vars=10
TMP2315.int    ; Placeholder                # local_vars=10
TMP2316.int    ; Placeholder                # local_vars=10
TMP2317.int    ; Placeholder                # local_vars=10
TMP2318.int    ; Placeholder                # local_vars=10
TMP2319.int    ; Placeholder                # local_vars=10
TMP2320.int    ; Placeholder                # local_vars=10
TMP2321.int    ; Placeholder                # local_vars=10
TMP2322.int    ; Placeholder                # local_vars=10
TMP2323.int    ; Placeholder                # local_vars=10
TMP2324.int    ; Placeholder                # local_vars=10
TMP2325.int    ; Placeholder                # local_vars=10
TMP2326.int    ; Placeholder                # local_vars=10
TMP2327.int    ; Placeholder                # local_vars=10
TMP2328.int    ; Placeholder                # local_vars=10
TMP2329.int    ; Placeholder                # local_vars=10
TMP2330.int    ; Placeholder                # local_vars=10
TMP2331.int    ; Placeholder                # local_vars=10
TMP2332.int    ; Placeholder                # local_vars=10
TMP2333.int    ; Placeholder                # local_vars=10
TMP2334.int    ; Placeholder                # local_vars=10
TMP2335.int    ; Placeholder                # local_vars=10
TMP2336.int    ; Placeholder                # local_vars=10
TMP2337.int    ; Placeholder                # local_vars=10
TMP2338.int    ; Placeholder                # local_vars=10
TMP2339.int    ; Placeholder                # local_vars=10
TMP2340.int    ; Placeholder                # local_vars=10
TMP2341.int    ; Placeholder                # local_vars=10
TMP2342.int    ; Placeholder                # local_vars=10
TMP2343.int    ; Placeholder                # local_vars=10
TMP2344.int    ; Placeholder                # local_vars=10
TMP2345.int    ; Placeholder                # local_vars=10
TMP2346.int    ; Placeholder                # local_vars=10
TMP2347.int    ; Placeholder                # local_vars=10
TMP2348.int    ; Placeholder                # local_vars=10
TMP2349.int    ; Placeholder                # local_vars=10
TMP2350.int    ; Placeholder                # local_vars=10
TMP2351.int    ; Placeholder                # local_vars=10
TMP2352.int    ; Placeholder                # local_vars=10
TMP2353.int    ; Placeholder                # local_vars=10
TMP2354.int    ; Placeholder                # local_vars=10
TMP2355.int    ; Placeholder                # local_vars=10
TMP2356.int    ; Placeholder                # local_vars=10
TMP2357.int    ; Placeholder                # local_vars=10
TMP2358.int    ; Placeholder                # local_vars=10
TMP2359.int    ; Placeholder                # local_vars=10
TMP2360.int    ; Placeholder                # local_vars=10
TMP2361.int    ; Placeholder                # local_vars=10
TMP2362.int    ; Placeholder                # local_vars=10
TMP2363.int    ; Placeholder                # local_vars=10
TMP2364.int    ; Placeholder                # local_vars=10
TMP2365.int    ; Placeholder                # local_vars=10
TMP2366.int    ; Placeholder                # local_vars=10
TMP2367.int    ; Placeholder                # local_vars=10
TMP2368.int    ; Placeholder                # local_vars=10
TMP2369.int    ; Placeholder                # local_vars=10
TMP2370.int    ; Placeholder                # local_vars=10
TMP2371.int    ; Placeholder                # local_vars=10
TMP2372.int    ; Placeholder                # local_vars=10
TMP2373.int    ; Placeholder                # local_vars=10
TMP2374.int    ; Placeholder                # local_vars=10
TMP2375.int    ; Placeholder                # local_vars=10
TMP2376.int    ; Placeholder                # local_vars=10
TMP2377.int    ; Placeholder                # local_vars=10
TMP2378.int    ; Placeholder                # local_vars=10
TMP2379.int    ; Placeholder                # local_vars=10
TMP2380.int    ; Placeholder                # local_vars=10
TMP2381.int    ; Placeholder                # local_vars=10
TMP2382.int    ; Placeholder                # local_vars=10
TMP2383.int    ; Placeholder                # local_vars=10
TMP2384.int    ; Placeholder                # local_vars=10
TMP2385.int    ; Placeholder                # local_vars=10
TMP2386.int    ; Placeholder                # local_vars=10
TMP2387.int    ; Placeholder                # local_vars=10
TMP2388.int    ; Placeholder                # local_vars=10
TMP2389.int    ; Placeholder                # local_vars=10
TMP2390.int    ; Placeholder                # local_vars=10
TMP2391.int    ; Placeholder                # local_vars=10
TMP2392.int    ; Placeholder                # local_vars=10
TMP2393.int    ; Placeholder                # local_vars=10
TMP2394.int    ; Placeholder                # local_vars=10
TMP2395.int    ; Placeholder                # local_vars=10
TMP2396.int    ; Placeholder                # local_vars=10
TMP2397.int    ; Placeholder                # local_vars=10
TMP2398.int    ; Placeholder                # local_vars=10
TMP2399.int    ; Placeholder                # local_vars=10
TMP2400.int    ; Placeholder                # local_vars=10
TMP2401.int    ; Placeholder                # local_vars=10
TMP2402.int    ; Placeholder                # local_vars=10
TMP2403.int    ; Placeholder                # local_vars=10
TMP2404.int    ; Placeholder                # local_vars=10
TMP2405.int    ; Placeholder                # local_vars=10
TMP2406.int    ; Placeholder                # local_vars=10
TMP2407.int    ; Placeholder                # local_vars=10
TMP2408.int    ; Placeholder                # local_vars=10
TMP2409.int    ; Placeholder                # local_vars=10
TMP2410.int    ; Placeholder                # local_vars=10
TMP2411.int    ; Placeholder                # local_vars=10
TMP2412.int    ; Placeholder                # local_vars=10
TMP2413.int    ; Placeholder                # local_vars=10
TMP2414.int    ; Placeholder                # local_vars=10
TMP2415.int    ; Placeholder                # local_vars=10
TMP2416.int    ; Placeholder                # local_vars=10
TMP2417.int    ; Placeholder                # local_vars=10
TMP2418.int    ; Placeholder                # local_vars=10
TMP2419.int    ; Placeholder                # local_vars=10
TMP2420.int    ; Placeholder                # local_vars=10
TMP2421.int    ; Placeholder                # local_vars=10
TMP2422.int    ; Placeholder                # local_vars=10
TMP2423.int    ; Placeholder                # local_vars=10
TMP2424.int    ; Placeholder                # local_vars=10
TMP2425.int    ; Placeholder                # local_vars=10
TMP2426.int    ; Placeholder                # local_vars=10
TMP2427.int    ; Placeholder                # local_vars=10
TMP2428.int    ; Placeholder                # local_vars=10
TMP2429.int    ; Placeholder                # local_vars=10
TMP2430.int    ; Placeholder                # local_vars=10
TMP2431.int    ; Placeholder                # local_vars=10
TMP2432.int    ; Placeholder                # local_vars=10
TMP2433.int    ; Placeholder                # local_vars=10
TMP2434.int    ; Placeholder                # local_vars=10
TMP2435.int    ; Placeholder                # local_vars=10
TMP2436.int    ; Placeholder                # local_vars=10
TMP2437.int    ; Placeholder                # local_vars=10
TMP2438.int    ; Placeholder                # local_vars=10
TMP2439.int    ; Placeholder                # local_vars=10
TMP2440.int    ; Placeholder                # local_vars=10
TMP2441.int    ; Placeholder                # local_vars=10
TMP2442.int    ; Placeholder                # local_vars=10
TMP2443.int    ; Placeholder                # local_vars=10
TMP2444.int    ; Placeholder                # local_vars=10
TMP2445.int    ; Placeholder                # local_vars=10
TMP2446.int    ; Placeholder                # local_vars=10
TMP2447.int    ; Placeholder                # local_vars=10
TMP2448.int    ; Placeholder                # local_vars=10
TMP2449.int    ; Placeholder                # local_vars=10
TMP2450.int    ; Placeholder                # local_vars=10
TMP2451.int    ; Placeholder                # local_vars=10
TMP2452.int    ; Placeholder                # local_vars=10
TMP2453.int    ; Placeholder                # local_vars=10
TMP2454.int    ; Placeholder                # local_vars=10
TMP2455.int    ; Placeholder                # local_vars=10
TMP2456.int    ; Placeholder                # local_vars=10
TMP2457.int    ; Placeholder                # local_vars=10
TMP2458.int    ; Placeholder                # local_vars=10
TMP2459.int    ; Placeholder                # local_vars=10
TMP2460.int    ; Placeholder                # local_vars=10
TMP2461.int    ; Placeholder                # local_vars=10
TMP2462.int    ; Placeholder                # local_vars=10
TMP2463.int    ; Placeholder                # local_vars=10
TMP2464.int    ; Placeholder                # local_vars=10
TMP2465.int    ; Placeholder                # local_vars=10
TMP2466.int    ; Placeholder                # local_vars=10
TMP2467.int    ; Placeholder                # local_vars=10
TMP2468.int    ; Placeholder                # local_vars=10
TMP2469.int    ; Placeholder                # local_vars=10
TMP2470.int    ; Placeholder                # local_vars=10
TMP2471.int    ; Placeholder                # local_vars=10
TMP2472.int    ; Placeholder                # local_vars=10
TMP2473.int    ; Placeholder                # local_vars=10
TMP2474.int    ; Placeholder                # local_vars=10
TMP2475.int    ; Placeholder                # local_vars=10
TMP2476.int    ; Placeholder                # local_vars=10
TMP2477.int    ; Placeholder                # local_vars=10
TMP2478.int    ; Placeholder                # local_vars=10
TMP2479.int    ; Placeholder                # local_vars=10
TMP2480.int    ; Placeholder                # local_vars=10
TMP2481.int    ; Placeholder                # local_vars=10
TMP2482.int    ; Placeholder                # local_vars=10
TMP2483.int    ; Placeholder                # local_vars=10
TMP2484.int    ; Placeholder                # local_vars=10
TMP2485.int    ; Placeholder                # local_vars=10
TMP2486.int    ; Placeholder                # local_vars=10
TMP2487.int    ; Placeholder                # local_vars=10
TMP2488.int    ; Placeholder                # local_vars=10
TMP2489.int    ; Placeholder                # local_vars=10
TMP2490.int    ; Placeholder                # local_vars=10
TMP2491.int    ; Placeholder                # local_vars=10
TMP2492.int    ; Placeholder                # local_vars=10
TMP2493.int    ; Placeholder                # local_vars=10
TMP2494.int    ; Placeholder                # local_vars=10
TMP2495.int    ; Placeholder                # local_vars=10
TMP2496.int    ; Placeholder                # local_vars=10
TMP2497.int    ; Placeholder                # local_vars=10
TMP2498.int    ; Placeholder                # local_vars=10
TMP2499.int    ; Placeholder                # local_vars=10
TMP2500.int    ; Placeholder                # local_vars=10
TMP2501.int    ; Placeholder                # local_vars=10
TMP2502.int    ; Placeholder                # local_vars=10
TMP2503.int    ; Placeholder                # local_vars=10
TMP2504.int    ; Placeholder                # local_vars=10
TMP2505.int    ; Placeholder                # local_vars=10
TMP2506.int    ; Placeholder                # local_vars=10
TMP2507.int    ; Placeholder                # local_vars=10
TMP2508.int    ; Placeholder                # local_vars=10
TMP2509.int    ; Placeholder                # local_vars=10
TMP2510.int    ; Placeholder                # local_vars=10
TMP2511.int    ; Placeholder                # local_vars=10
TMP2512.int    ; Placeholder                # local_vars=10
TMP2513.int    ; Placeholder                # local_vars=10
TMP2514.int    ; Placeholder                # local_vars=10
TMP2515.int    ; Placeholder                # local_vars=10
TMP2516.int    ; Placeholder                # local_vars=10
TMP2517.int    ; Placeholder                # local_vars=10
TMP2518.int    ; Placeholder                # local_vars=10
TMP2519.int    ; Placeholder                # local_vars=10
TMP2520.int    ; Placeholder                # local_vars=10
TMP2521.int    ; Placeholder                # local_vars=10
TMP2522.int    ; Placeholder                # local_vars=10
TMP2523.int    ; Placeholder                # local_vars=10
TMP2524.int    ; Placeholder                # local_vars=10
TMP2525.int    ; Placeholder                # local_vars=10
TMP2526.int    ; Placeholder                # local_vars=10
TMP2527.int    ; Placeholder                # local_vars=10
TMP2528.int    ; Placeholder                # local_vars=10
TMP2529.int    ; Placeholder                # local_vars=10
TMP2530.int    ; Placeholder                # local_vars=10
TMP2531.int    ; Placeholder                # local_vars=10
TMP2532.int    ; Placeholder                # local_vars=10
TMP2533.int    ; Placeholder                # local_vars=10
TMP2534.int    ; Placeholder                # local_vars=10
TMP2535.int    ; Placeholder                # local_vars=10
TMP2536.int    ; Placeholder                # local_vars=10
TMP2537.int    ; Placeholder                # local_vars=10
TMP2538.int    ; Placeholder                # local_vars=10
TMP2539.int    ; Placeholder                # local_vars=10
TMP2540.int    ; Placeholder                # local_vars=10
TMP2541.int    ; Placeholder                # local_vars=10
TMP2542.int    ; Placeholder                # local_vars=10
TMP2543.int    ; Placeholder                # local_vars=10
TMP2544.int    ; Placeholder                # local_vars=10
TMP2545.int    ; Placeholder                # local_vars=10
TMP2546.int    ; Placeholder                # local_vars=10
TMP2547.int    ; Placeholder                # local_vars=10
TMP2548.int    ; Placeholder                # local_vars=10
TMP2549.int    ; Placeholder                # local_vars=10
TMP2550.int    ; Placeholder                # local_vars=10
TMP2551.int    ; Placeholder                # local_vars=10
TMP2552.int    ; Placeholder                # local_vars=10
TMP2553.int    ; Placeholder                # local_vars=10
TMP2554.int    ; Placeholder                # local_vars=10
TMP2555.int    ; Placeholder                # local_vars=10
TMP2556.int    ; Placeholder                # local_vars=10
TMP2557.int    ; Placeholder                # local_vars=10
TMP2558.int    ; Placeholder                # local_vars=10
TMP2559.int    ; Placeholder                # local_vars=10
TMP2560.int    ; Placeholder                # local_vars=10
TMP2561.int    ; Placeholder                # local_vars=10
TMP2562.int    ; Placeholder                # local_vars=10
TMP2563.int    ; Placeholder                # local_vars=10
TMP2564.int    ; Placeholder                # local_vars=10
TMP2565.int    ; Placeholder                # local_vars=10
TMP2566.int    ; Placeholder                # local_vars=10
TMP2567.int    ; Placeholder                # local_vars=10
TMP2568.int    ; Placeholder                # local_vars=10
TMP2569.int    ; Placeholder                # local_vars=10
TMP2570.int    ; Placeholder                # local_vars=10
TMP2571.int    ; Placeholder                # local_vars=10
TMP2572.int    ; Placeholder                # local_vars=10
TMP2573.int    ; Placeholder                # local_vars=10
TMP2574.int    ; Placeholder                # local_vars=10
TMP2575.int    ; Placeholder                # local_vars=10
TMP2576.int    ; Placeholder                # local_vars=10
TMP2577.int    ; Placeholder                # local_vars=10
TMP2578.int    ; Placeholder                # local_vars=10
TMP2579.int    ; Placeholder                # local_vars=10
TMP2580.int    ; Placeholder                # local_vars=10
TMP2581.int    ; Placeholder                # local_vars=10
TMP2582.int    ; Placeholder                # local_vars=10
TMP2583.int    ; Placeholder                # local_vars=10
TMP2584.int    ; Placeholder                # local_vars=10
TMP2585.int    ; Placeholder                # local_vars=10
TMP2586.int    ; Placeholder                # local_vars=10
TMP2587.int    ; Placeholder                # local_vars=10
TMP2588.int    ; Placeholder                # local_vars=10
TMP2589.int    ; Placeholder                # local_vars=10
TMP2590.int    ; Placeholder                # local_vars=10
TMP2591.int    ; Placeholder                # local_vars=10
TMP2592.int    ; Placeholder                # local_vars=10
TMP2593.int    ; Placeholder                # local_vars=10
TMP2594.int    ; Placeholder                # local_vars=10
TMP2595.int    ; Placeholder                # local_vars=10
TMP2596.int    ; Placeholder                # local_vars=10
TMP2597.int    ; Placeholder                # local_vars=10
TMP2598.int    ; Placeholder                # local_vars=10
TMP2599.int    ; Placeholder                # local_vars=10
TMP2600.int    ; Placeholder                # local_vars=10
TMP2601.int    ; Placeholder                # local_vars=10
TMP2602.int    ; Placeholder                # local_vars=10
TMP2603.int    ; Placeholder                # local_vars=10
TMP2604.int    ; Placeholder                # local_vars=10
TMP2605.int    ; Placeholder                # local_vars=10
TMP2606.int    ; Placeholder                # local_vars=10
TMP2607.int    ; Placeholder                # local_vars=10
TMP2608.int    ; Placeholder                # local_vars=10
TMP2609.int    ; Placeholder                # local_vars=10
TMP2610.int    ; Placeholder                # local_vars=10
TMP2611.int    ; Placeholder                # local_vars=10
TMP2612.int    ; Placeholder                # local_vars=10
TMP2613.int    ; Placeholder                # local_vars=10
TMP2614.int    ; Placeholder                # local_vars=10
TMP2615.int    ; Placeholder                # local_vars=10
TMP2616.int    ; Placeholder                # local_vars=10
TMP2617.int    ; Placeholder                # local_vars=10
TMP2618.int    ; Placeholder                # local_vars=10
TMP2619.int    ; Placeholder                # local_vars=10
TMP2620.int    ; Placeholder                # local_vars=10
TMP2621.int    ; Placeholder                # local_vars=10
TMP2622.int    ; Placeholder                # local_vars=10
TMP2623.int    ; Placeholder                # local_vars=10
TMP2624.int    ; Placeholder                # local_vars=10
TMP2625.int    ; Placeholder                # local_vars=10
TMP2626.int    ; Placeholder                # local_vars=10
TMP2627.int    ; Placeholder                # local_vars=10
TMP2628.int    ; Placeholder                # local_vars=10
TMP2629.int    ; Placeholder                # local_vars=10
TMP2630.int    ; Placeholder                # local_vars=10
TMP2631.int    ; Placeholder                # local_vars=10
TMP2632.int    ; Placeholder                # local_vars=10
TMP2633.int    ; Placeholder                # local_vars=10
TMP2634.int    ; Placeholder                # local_vars=10
TMP2635.int    ; Placeholder                # local_vars=10
TMP2636.int    ; Placeholder                # local_vars=10
TMP2637.int    ; Placeholder                # local_vars=10
TMP2638.int    ; Placeholder                # local_vars=10
TMP2639.int    ; Placeholder                # local_vars=10
TMP2640.int    ; Placeholder                # local_vars=10
TMP2641.int    ; Placeholder                # local_vars=10
TMP2642.int    ; Placeholder                # local_vars=10
TMP2643.int    ; Placeholder                # local_vars=10
TMP2644.int    ; Placeholder                # local_vars=10
TMP2645.int    ; Placeholder                # local_vars=10
TMP2646.int    ; Placeholder                # local_vars=10
TMP2647.int    ; Placeholder                # local_vars=10
TMP2648.int    ; Placeholder                # local_vars=10
TMP2649.int    ; Placeholder                # local_vars=10
TMP2650.int    ; Placeholder                # local_vars=10
TMP2651.int    ; Placeholder                # local_vars=10
TMP2652.int    ; Placeholder                # local_vars=10
TMP2653.int    ; Placeholder                # local_vars=10
TMP2654.int    ; Placeholder                # local_vars=10
TMP2655.int    ; Placeholder                # local_vars=10
TMP2656.int    ; Placeholder                # local_vars=10
TMP2657.int    ; Placeholder                # local_vars=10
TMP2658.int    ; Placeholder                # local_vars=10
TMP2659.int    ; Placeholder                # local_vars=10
TMP2660.int    ; Placeholder                # local_vars=10
TMP2661.int    ; Placeholder                # local_vars=10
TMP2662.int    ; Placeholder                # local_vars=10
TMP2663.int    ; Placeholder                # local_vars=10
TMP2664.int    ; Placeholder                # local_vars=10
TMP2665.int    ; Placeholder                # local_vars=10
TMP2666.int    ; Placeholder                # local_vars=10
TMP2667.int    ; Placeholder                # local_vars=10
TMP2668.int    ; Placeholder                # local_vars=10
TMP2669.int    ; Placeholder                # local_vars=10
TMP2670.int    ; Placeholder                # local_vars=10
TMP2671.int    ; Placeholder                # local_vars=10
TMP2672.int    ; Placeholder                # local_vars=10
TMP2673.int    ; Placeholder                # local_vars=10
TMP2674.int    ; Placeholder                # local_vars=10
TMP2675.int    ; Placeholder                # local_vars=10
TMP2676.int    ; Placeholder                # local_vars=10
TMP2677.int    ; Placeholder                # local_vars=10
TMP2678.int    ; Placeholder                # local_vars=10
TMP2679.int    ; Placeholder                # local_vars=10
TMP2680.int    ; Placeholder                # local_vars=10
TMP2681.int    ; Placeholder                # local_vars=10
TMP2682.int    ; Placeholder                # local_vars=10
TMP2683.int    ; Placeholder                # local_vars=10
TMP2684.int    ; Placeholder                # local_vars=10
TMP2685.int    ; Placeholder                # local_vars=10
TMP2686.int    ; Placeholder                # local_vars=10
TMP2687.int    ; Placeholder                # local_vars=10
TMP2688.int    ; Placeholder                # local_vars=10
TMP2689.int    ; Placeholder                # local_vars=10
TMP2690.int    ; Placeholder                # local_vars=10
TMP2691.int    ; Placeholder                # local_vars=10
TMP2692.int    ; Placeholder                # local_vars=10
TMP2693.int    ; Placeholder                # local_vars=10
TMP2694.int    ; Placeholder                # local_vars=10
TMP2695.int    ; Placeholder                # local_vars=10
TMP2696.int    ; Placeholder                # local_vars=10
TMP2697.int    ; Placeholder                # local_vars=10
TMP2698.int    ; Placeholder                # local_vars=10
TMP2699.int    ; Placeholder                # local_vars=10
TMP2700.int    ; Placeholder                # local_vars=10
TMP2701.int    ; Placeholder                # local_vars=10
TMP2702.int    ; Placeholder                # local_vars=10
TMP2703.int    ; Placeholder                # local_vars=10
TMP2704.int    ; Placeholder                # local_vars=10
TMP2705.int    ; Placeholder                # local_vars=10
TMP2706.int    ; Placeholder                # local_vars=10
TMP2707.int    ; Placeholder                # local_vars=10
TMP2708.int    ; Placeholder                # local_vars=10
TMP2709.int    ; Placeholder                # local_vars=10
TMP2710.int    ; Placeholder                # local_vars=10
TMP2711.int    ; Placeholder                # local_vars=10
TMP2712.int    ; Placeholder                # local_vars=10
TMP2713.int    ; Placeholder                # local_vars=10
TMP2714.int    ; Placeholder                # local_vars=10
TMP2715.int    ; Placeholder                # local_vars=10
TMP2716.int    ; Placeholder                # local_vars=10
TMP2717.int    ; Placeholder                # local_vars=10
TMP2718.int    ; Placeholder                # local_vars=10
TMP2719.int    ; Placeholder                # local_vars=10
TMP2720.int    ; Placeholder                # local_vars=10
TMP2721.int    ; Placeholder                # local_vars=10
TMP2722.int    ; Placeholder                # local_vars=10
TMP2723.int    ; Placeholder                # local_vars=10
TMP2724.int    ; Placeholder                # local_vars=10
TMP2725.int    ; Placeholder                # local_vars=10
TMP2726.int    ; Placeholder                # local_vars=10
TMP2727.int    ; Placeholder                # local_vars=10
TMP2728.int    ; Placeholder                # local_vars=10
TMP2729.int    ; Placeholder                # local_vars=10
TMP2730.int    ; Placeholder                # local_vars=10
TMP2731.int    ; Placeholder                # local_vars=10
TMP2732.int    ; Placeholder                # local_vars=10
TMP2733.int    ; Placeholder                # local_vars=10
TMP2734.int    ; Placeholder                # local_vars=10
TMP2735.int    ; Placeholder                # local_vars=10
TMP2736.int    ; Placeholder                # local_vars=10
TMP2737.int    ; Placeholder                # local_vars=10
TMP2738.int    ; Placeholder                # local_vars=10
TMP2739.int    ; Placeholder                # local_vars=10
TMP2740.int    ; Placeholder                # local_vars=10
TMP2741.int    ; Placeholder                # local_vars=10
TMP2742.int    ; Placeholder                # local_vars=10
TMP2743.int    ; Placeholder                # local_vars=10
TMP2744.int    ; Placeholder                # local_vars=10
TMP2745.int    ; Placeholder                # local_vars=10
TMP2746.int    ; Placeholder                # local_vars=10
TMP2747.int    ; Placeholder                # local_vars=10
TMP2748.int    ; Placeholder                # local_vars=10
TMP2749.int    ; Placeholder                # local_vars=10
TMP2750.int    ; Placeholder                # local_vars=10
TMP2751.int    ; Placeholder                # local_vars=10
TMP2752.int    ; Placeholder                # local_vars=10
TMP2753.int    ; Placeholder                # local_vars=10
TMP2754.int    ; Placeholder                # local_vars=10
TMP2755.int    ; Placeholder                # local_vars=10
TMP2756.int    ; Placeholder                # local_vars=10
TMP2757.int    ; Placeholder                # local_vars=10
TMP2758.int    ; Placeholder                # local_vars=10
TMP2759.int    ; Placeholder                # local_vars=10
TMP2760.int    ; Placeholder                # local_vars=10
TMP2761.int    ; Placeholder                # local_vars=10
TMP2762.int    ; Placeholder                # local_vars=10
TMP2763.int    ; Placeholder                # local_vars=10
TMP2764.int    ; Placeholder                # local_vars=10
TMP2765.int    ; Placeholder                # local_vars=10
TMP2766.int    ; Placeholder                # local_vars=10
TMP2767.int    ; Placeholder                # local_vars=10
TMP2768.int    ; Placeholder                # local_vars=10
TMP2769.int    ; Placeholder                # local_vars=10
TMP2770.int    ; Placeholder                # local_vars=10
TMP2771.int    ; Placeholder                # local_vars=10
TMP2772.int    ; Placeholder                # local_vars=10
TMP2773.int    ; Placeholder                # local_vars=10
TMP2774.int    ; Placeholder                # local_vars=10
TMP2775.int    ; Placeholder                # local_vars=10
TMP2776.int    ; Placeholder                # local_vars=10
TMP2777.int    ; Placeholder                # local_vars=10
TMP2778.int    ; Placeholder                # local_vars=10
TMP2779.int    ; Placeholder                # local_vars=10
TMP2780.int    ; Placeholder                # local_vars=10
TMP2781.int    ; Placeholder                # local_vars=10
TMP2782.int    ; Placeholder                # local_vars=10
TMP2783.int    ; Placeholder                # local_vars=10
TMP2784.int    ; Placeholder                # local_vars=10
TMP2785.int    ; Placeholder                # local_vars=10
TMP2786.int    ; Placeholder                # local_vars=10
TMP2787.int    ; Placeholder                # local_vars=10
TMP2788.int    ; Placeholder                # local_vars=10
TMP2789.int    ; Placeholder                # local_vars=10
TMP2790.int    ; Placeholder                # local_vars=10
TMP2791.int    ; Placeholder                # local_vars=10
TMP2792.int    ; Placeholder                # local_vars=10
TMP2793.int    ; Placeholder                # local_vars=10
TMP2794.int    ; Placeholder                # local_vars=10
TMP2795.int    ; Placeholder                # local_vars=10
TMP2796.int    ; Placeholder                # local_vars=10
TMP2797.int    ; Placeholder                # local_vars=10
TMP2798.int    ; Placeholder                # local_vars=10
TMP2799.int    ; Placeholder                # local_vars=10
TMP2800.int    ; Placeholder                # local_vars=10
TMP2801.int    ; Placeholder                # local_vars=10
TMP2802.int    ; Placeholder                # local_vars=10
TMP2803.int    ; Placeholder                # local_vars=10
TMP2804.int    ; Placeholder                # local_vars=10
TMP2805.int    ; Placeholder                # local_vars=10
TMP2806.int    ; Placeholder                # local_vars=10
TMP2807.int    ; Placeholder                # local_vars=10
TMP2808.int    ; Placeholder                # local_vars=10
TMP2809.int    ; Placeholder                # local_vars=10
TMP2810.int    ; Placeholder                # local_vars=10
TMP2811.int    ; Placeholder                # local_vars=10
TMP2812.int    ; Placeholder                # local_vars=10
TMP2813.int    ; Placeholder                # local_vars=10
TMP2814.int    ; Placeholder                # local_vars=10
TMP2815.int    ; Placeholder                # local_vars=10
TMP2816.int    ; Placeholder                # local_vars=10
TMP2817.int    ; Placeholder                # local_vars=10
TMP2818.int    ; Placeholder                # local_vars=10
TMP2819.int    ; Placeholder                # local_vars=10
TMP2820.int    ; Placeholder                # local_vars=10
TMP2821.int    ; Placeholder                # local_vars=10
TMP2822.int    ; Placeholder                # local_vars=10
TMP2823.int    ; Placeholder                # local_vars=10
TMP2824.int    ; Placeholder                # local_vars=10
TMP2825.int    ; Placeholder                # local_vars=10
TMP2826.int    ; Placeholder                # local_vars=10
TMP2827.int    ; Placeholder                # local_vars=10
TMP2828.int    ; Placeholder                # local_vars=10
TMP2829.int    ; Placeholder                # local_vars=10
TMP2830.int    ; Placeholder                # local_vars=10
TMP2831.int    ; Placeholder                # local_vars=10
TMP2832.int    ; Placeholder                # local_vars=10
TMP2833.int    ; Placeholder                # local_vars=10
TMP2834.int    ; Placeholder                # local_vars=10
TMP2835.int    ; Placeholder                # local_vars=10
TMP2836.int    ; Placeholder                # local_vars=10
TMP2837.int    ; Placeholder                # local_vars=10
TMP2838.int    ; Placeholder                # local_vars=10
TMP2839.int    ; Placeholder                # local_vars=10
TMP2840.int    ; Placeholder                # local_vars=10
TMP2841.int    ; Placeholder                # local_vars=10
TMP2842.int    ; Placeholder                # local_vars=10
TMP2843.int    ; Placeholder                # local_vars=10
TMP2844.int    ; Placeholder                # local_vars=10
TMP2845.int    ; Placeholder                # local_vars=10
TMP2846.int    ; Placeholder                # local_vars=10
TMP2847.int    ; Placeholder                # local_vars=10
TMP2848.int    ; Placeholder                # local_vars=10
TMP2849.int    ; Placeholder                # local_vars=10
TMP2850.int    ; Placeholder                # local_vars=10
TMP2851.int    ; Placeholder                # local_vars=10
TMP2852.int    ; Placeholder                # local_vars=10
TMP2853.int    ; Placeholder                # local_vars=10
TMP2854.int    ; Placeholder                # local_vars=10
TMP2855.int    ; Placeholder                # local_vars=10
TMP2856.int    ; Placeholder                # local_vars=10
TMP2857.int    ; Placeholder                # local_vars=10
TMP2858.int    ; Placeholder                # local_vars=10
TMP2859.int    ; Placeholder                # local_vars=10
TMP2860.int    ; Placeholder                # local_vars=10
TMP2861.int    ; Placeholder                # local_vars=10
TMP2862.int    ; Placeholder                # local_vars=10
TMP2863.int    ; Placeholder                # local_vars=10
TMP2864.int    ; Placeholder                # local_vars=10
TMP2865.int    ; Placeholder                # local_vars=10
TMP2866.int    ; Placeholder                # local_vars=10
TMP2867.int    ; Placeholder                # local_vars=10
TMP2868.int    ; Placeholder                # local_vars=10
TMP2869.int    ; Placeholder                # local_vars=10
TMP2870.int    ; Placeholder                # local_vars=10
TMP2871.int    ; Placeholder                # local_vars=10
TMP2872.int    ; Placeholder                # local_vars=10
TMP2873.int    ; Placeholder                # local_vars=10
TMP2874.int    ; Placeholder                # local_vars=10
TMP2875.int    ; Placeholder                # local_vars=10
TMP2876.int    ; Placeholder                # local_vars=10
TMP2877.int    ; Placeholder                # local_vars=10
TMP2878.int    ; Placeholder                # local_vars=10
TMP2879.int    ; Placeholder                # local_vars=10
TMP2880.int    ; Placeholder                # local_vars=10
TMP2881.int    ; Placeholder                # local_vars=10
TMP2882.int    ; Placeholder                # local_vars=10
TMP2883.int    ; Placeholder                # local_vars=10
TMP2884.int    ; Placeholder                # local_vars=10
TMP2885.int    ; Placeholder                # local_vars=10
TMP2886.int    ; Placeholder                # local_vars=10
TMP2887.int    ; Placeholder                # local_vars=10
TMP2888.int    ; Placeholder                # local_vars=10
TMP2889.int    ; Placeholder                # local_vars=10
TMP2890.int    ; Placeholder                # local_vars=10
TMP2891.int    ; Placeholder                # local_vars=10
TMP2892.int    ; Placeholder                # local_vars=10
TMP2893.int    ; Placeholder                # local_vars=10
TMP2894.int    ; Placeholder                # local_vars=10
TMP2895.int    ; Placeholder                # local_vars=10
TMP2896.int    ; Placeholder                # local_vars=10
TMP2897.int    ; Placeholder                # local_vars=10
TMP2898.int    ; Placeholder                # local_vars=10
TMP2899.int    ; Placeholder                # local_vars=10
TMP2900.int    ; Placeholder                # local_vars=10
TMP2901.int    ; Placeholder                # local_vars=10
TMP2902.int    ; Placeholder                # local_vars=10
TMP2903.int    ; Placeholder                # local_vars=10
TMP2904.int    ; Placeholder                # local_vars=10
TMP2905.int    ; Placeholder                # local_vars=10
TMP2906.int    ; Placeholder                # local_vars=10
TMP2907.int    ; Placeholder                # local_vars=10
TMP2908.int    ; Placeholder                # local_vars=10
TMP2909.int    ; Placeholder                # local_vars=10
TMP2910.int    ; Placeholder                # local_vars=10
TMP2911.int    ; Placeholder                # local_vars=10
TMP2912.int    ; Placeholder                # local_vars=10
TMP2913.int    ; Placeholder                # local_vars=10
TMP2914.int    ; Placeholder                # local_vars=10
TMP2915.int    ; Placeholder                # local_vars=10
TMP2916.int    ; Placeholder                # local_vars=10
TMP2917.int    ; Placeholder                # local_vars=10
TMP2918.int    ; Placeholder                # local_vars=10
TMP2919.int    ; Placeholder                # local_vars=10
TMP2920.int    ; Placeholder                # local_vars=10
TMP2921.int    ; Placeholder                # local_vars=10
TMP2922.int    ; Placeholder                # local_vars=10
TMP2923.int    ; Placeholder                # local_vars=10
TMP2924.int    ; Placeholder                # local_vars=10
TMP2925.int    ; Placeholder                # local_vars=10
TMP2926.int    ; Placeholder                # local_vars=10
TMP2927.int    ; Placeholder                # local_vars=10
TMP2928.int    ; Placeholder                # local_vars=10
TMP2929.int    ; Placeholder                # local_vars=10
TMP2930.int    ; Placeholder                # local_vars=10
TMP2931.int    ; Placeholder                # local_vars=10
TMP2932.int    ; Placeholder                # local_vars=10
TMP2933.int    ; Placeholder                # local_vars=10
TMP2934.int    ; Placeholder                # local_vars=10
TMP2935.int    ; Placeholder                # local_vars=10
TMP2936.int    ; Placeholder                # local_vars=10
TMP2937.int    ; Placeholder                # local_vars=10
TMP2938.int    ; Placeholder                # local_vars=10
TMP2939.int    ; Placeholder                # local_vars=10
TMP2940.int    ; Placeholder                # local_vars=10
TMP2941.int    ; Placeholder                # local_vars=10
TMP2942.int    ; Placeholder                # local_vars=10
TMP2943.int    ; Placeholder                # local_vars=10
TMP2944.int    ; Placeholder                # local_vars=10
TMP2945.int    ; Placeholder                # local_vars=10
TMP2946.int    ; Placeholder                # local_vars=10
TMP2947.int    ; Placeholder                # local_vars=10
TMP2948.int    ; Placeholder                # local_vars=10
TMP2949.int    ; Placeholder                # local_vars=10
TMP2950.int    ; Placeholder                # local_vars=10
TMP2951.int    ; Placeholder                # local_vars=10
TMP2952.int    ; Placeholder                # local_vars=10
TMP2953.int    ; Placeholder                # local_vars=10
TMP2954.int    ; Placeholder                # local_vars=10
TMP2955.int    ; Placeholder                # local_vars=10
TMP2956.int    ; Placeholder                # local_vars=10
TMP2957.int    ; Placeholder                # local_vars=10
TMP2958.int    ; Placeholder                # local_vars=10
TMP2959.int    ; Placeholder                # local_vars=10
TMP2960.int    ; Placeholder                # local_vars=10
TMP2961.int    ; Placeholder                # local_vars=10
TMP2962.int    ; Placeholder                # local_vars=10
TMP2963.int    ; Placeholder                # local_vars=10
TMP2964.int    ; Placeholder                # local_vars=10
TMP2965.int    ; Placeholder                # local_vars=10
TMP2966.int    ; Placeholder                # local_vars=10
TMP2967.int    ; Placeholder                # local_vars=10
TMP2968.int    ; Placeholder                # local_vars=10
TMP2969.int    ; Placeholder                # local_vars=10
TMP2970.int    ; Placeholder                # local_vars=10
TMP2971.int    ; Placeholder                # local_vars=10
TMP2972.int    ; Placeholder                # local_vars=10
TMP2973.int    ; Placeholder                # local_vars=10
TMP2974.int    ; Placeholder                # local_vars=10
TMP2975.int    ; Placeholder                # local_vars=10
TMP2976.int    ; Placeholder                # local_vars=10
TMP2977.int    ; Placeholder                # local_vars=10
TMP2978.int    ; Placeholder                # local_vars=10
TMP2979.int    ; Placeholder                # local_vars=10
TMP2980.int    ; Placeholder                # local_vars=10
TMP2981.int    ; Placeholder                # local_vars=10
TMP2982.int    ; Placeholder                # local_vars=10
TMP2983.int    ; Placeholder                # local_vars=10
TMP2984.int    ; Placeholder                # local_vars=10
TMP2985.int    ; Placeholder                # local_vars=10
TMP2986.int    ; Placeholder                # local_vars=10
TMP2987.int    ; Placeholder                # local_vars=10
TMP2988.int    ; Placeholder                # local_vars=10
TMP2989.int    ; Placeholder                # local_vars=10
TMP2990.int    ; Placeholder                # local_vars=10
TMP2991.int    ; Placeholder                # local_vars=10
TMP2992.int    ; Placeholder                # local_vars=10
TMP2993.int    ; Placeholder                # local_vars=10
TMP2994.int    ; Placeholder                # local_vars=10
TMP2995.int    ; Placeholder                # local_vars=10
TMP2996.int    ; Placeholder                # local_vars=10
TMP2997.int    ; Placeholder                # local_vars=10
TMP2998.int    ; Placeholder                # local_vars=10
TMP2999.int    ; Placeholder                # local_vars=10
TMP3000.int    ; Placeholder                # local_vars=10
TMP3001.int    ; Placeholder                # local_vars=10
TMP3002.int    ; Placeholder                # local_vars=10
TMP3003.int    ; Placeholder                # local_vars=10
TMP3004.int    ; Placeholder                # local_vars=10
TMP3005.int    ; Placeholder                # local_vars=10
TMP3006.int    ; Placeholder                # local_vars=10
TMP3007.int    ; Placeholder                # local_vars=10
TMP3008.int    ; Placeholder                # local_vars=10
TMP3009.int    ; Placeholder                # local_vars=10
TMP3010.int    ; Placeholder                # local_vars=10
TMP3011.int    ; Placeholder                # local_vars=10
TMP3012.int    ; Placeholder                # local_vars=10
TMP3013.int    ; Placeholder                # local_vars=10
TMP3014.int    ; Placeholder                # local_vars=10
TMP3015.int    ; Placeholder                # local_vars=10
TMP3016.int    ; Placeholder                # local_vars=10
TMP3017.int    ; Placeholder                # local_vars=10
TMP3018.int    ; Placeholder                # local_vars=10
TMP3019.int    ; Placeholder                # local_vars=10
TMP3020.int    ; Placeholder                # local_vars=10
TMP3021.int    ; Placeholder                # local_vars=10
TMP3022.int    ; Placeholder                # local_vars=10
TMP3023.int    ; Placeholder                # local_vars=10
TMP3024.int    ; Placeholder                # local_vars=10
TMP3025.int    ; Placeholder                # local_vars=10
TMP3026.int    ; Placeholder                # local_vars=10
TMP3027.int    ; Placeholder                # local_vars=10
TMP3028.int    ; Placeholder                # local_vars=10
TMP3029.int    ; Placeholder                # local_vars=10
TMP3030.int    ; Placeholder                # local_vars=10
TMP3031.int    ; Placeholder                # local_vars=10
TMP3032.int    ; Placeholder                # local_vars=10
TMP3033.int    ; Placeholder                # local_vars=10
TMP3034.int    ; Placeholder                # local_vars=10
TMP3035.int    ; Placeholder                # local_vars=10
TMP3036.int    ; Placeholder                # local_vars=10
TMP3037.int    ; Placeholder                # local_vars=10
TMP3038.int    ; Placeholder                # local_vars=10
TMP3039.int    ; Placeholder                # local_vars=10
TMP3040.int    ; Placeholder                # local_vars=10
TMP3041.int    ; Placeholder                # local_vars=10
TMP3042.int    ; Placeholder                # local_vars=10
TMP3043.int    ; Placeholder                # local_vars=10
TMP3044.int    ; Placeholder                # local_vars=10
TMP3045.int    ; Placeholder                # local_vars=10
TMP3046.int    ; Placeholder                # local_vars=10
TMP3047.int    ; Placeholder                # local_vars=10
TMP3048.int    ; Placeholder                # local_vars=10
TMP3049.int    ; Placeholder                # local_vars=10
TMP3050.int    ; Placeholder                # local_vars=10
TMP3051.int    ; Placeholder                # local_vars=10
TMP3052.int    ; Placeholder                # local_vars=10
TMP3053.int    ; Placeholder                # local_vars=10
TMP3054.int    ; Placeholder                # local_vars=10
TMP3055.int    ; Placeholder                # local_vars=10
TMP3056.int    ; Placeholder                # local_vars=10
TMP3057.int    ; Placeholder                # local_vars=10
TMP3058.int    ; Placeholder                # local_vars=10
TMP3059.int    ; Placeholder                # local_vars=10
TMP3060.int    ; Placeholder                # local_vars=10
TMP3061.int    ; Placeholder                # local_vars=10
TMP3062.int    ; Placeholder                # local_vars=10
TMP3063.int    ; Placeholder                # local_vars=10
TMP3064.int    ; Placeholder                # local_vars=10
TMP3065.int    ; Placeholder                # local_vars=10
TMP3066.int    ; Placeholder                # local_vars=10
TMP3067.int    ; Placeholder                # local_vars=10
TMP3068.int    ; Placeholder                # local_vars=10
TMP3069.int    ; Placeholder                # local_vars=10
TMP3070.int    ; Placeholder                # local_vars=10
TMP3071.int    ; Placeholder                # local_vars=10
TMP3072.int    ; Placeholder                # local_vars=10
TMP3073.int    ; Placeholder                # local_vars=10
TMP3074.int    ; Placeholder                # local_vars=10
TMP3075.int    ; Placeholder                # local_vars=10
TMP3076.int    ; Placeholder                # local_vars=10
TMP3077.int    ; Placeholder                # local_vars=10
TMP3078.int    ; Placeholder                # local_vars=10
TMP3079.int    ; Placeholder                # local_vars=10
TMP3080.int    ; Placeholder                # local_vars=10
TMP3081.int    ; Placeholder                # local_vars=10
TMP3082.int    ; Placeholder                # local_vars=10
TMP3083.int    ; Placeholder                # local_vars=10
TMP3084.int    ; Placeholder                # local_vars=10
TMP3085.int    ; Placeholder                # local_vars=10
TMP3086.int    ; Placeholder                # local_vars=10
TMP3087.int    ; Placeholder                # local_vars=10
TMP3088.int    ; Placeholder                # local_vars=10
TMP3089.int    ; Placeholder                # local_vars=10
TMP3090.int    ; Placeholder                # local_vars=10
TMP3091.int    ; Placeholder                # local_vars=10
TMP3092.int    ; Placeholder                # local_vars=10
TMP3093.int    ; Placeholder                # local_vars=10
TMP3094.int    ; Placeholder                # local_vars=10
TMP3095.int    ; Placeholder                # local_vars=10
TMP3096.int    ; Placeholder                # local_vars=10
TMP3097.int    ; Placeholder                # local_vars=10
TMP3098.int    ; Placeholder                # local_vars=10
TMP3099.int    ; Placeholder                # local_vars=10
TMP3100.int    ; Placeholder                # local_vars=10
TMP3101.int    ; Placeholder                # local_vars=10
TMP3102.int    ; Placeholder                # local_vars=10
TMP3103.int    ; Placeholder                # local_vars=10
TMP3104.int    ; Placeholder                # local_vars=10
TMP3105.int    ; Placeholder                # local_vars=10
TMP3106.int    ; Placeholder                # local_vars=10
TMP3107.int    ; Placeholder                # local_vars=10
TMP3108.int    ; Placeholder                # local_vars=10
TMP3109.int    ; Placeholder                # local_vars=10
TMP3110.int    ; Placeholder                # local_vars=10
TMP3111.int    ; Placeholder                # local_vars=10
TMP3112.int    ; Placeholder                # local_vars=10
TMP3113.int    ; Placeholder                # local_vars=10
TMP3114.int    ; Placeholder                # local_vars=10
TMP3115.int    ; Placeholder                # local_vars=10
TMP3116.int    ; Placeholder                # local_vars=10
TMP3117.int    ; Placeholder                # local_vars=10
TMP3118.int    ; Placeholder                # local_vars=10
TMP3119.int    ; Placeholder                # local_vars=10
TMP3120.int    ; Placeholder                # local_vars=10
TMP3121.int    ; Placeholder                # local_vars=10
TMP3122.int    ; Placeholder                # local_vars=10
TMP3123.int    ; Placeholder                # local_vars=10
TMP3124.int    ; Placeholder                # local_vars=10
TMP3125.int    ; Placeholder                # local_vars=10
TMP3126.int    ; Placeholder                # local_vars=10
TMP3127.int    ; Placeholder                # local_vars=10
TMP3128.int    ; Placeholder                # local_vars=10
TMP3129.int    ; Placeholder                # local_vars=10
TMP3130.int    ; Placeholder                # local_vars=10
TMP3131.int    ; Placeholder                # local_vars=10
TMP3132.int    ; Placeholder                # local_vars=10
TMP3133.int    ; Placeholder                # local_vars=10
TMP3134.int    ; Placeholder                # local_vars=10
TMP3135.int    ; Placeholder                # local_vars=10
TMP3136.int    ; Placeholder                # local_vars=10
TMP3137.int    ; Placeholder                # local_vars=10
TMP3138.int    ; Placeholder                # local_vars=10
TMP3139.int    ; Placeholder                # local_vars=10
TMP3140.int    ; Placeholder                # local_vars=10
TMP3141.int    ; Placeholder                # local_vars=10
TMP3142.int    ; Placeholder                # local_vars=10
TMP3143.int    ; Placeholder                # local_vars=10
TMP3144.int    ; Placeholder                # local_vars=10
TMP3145.int    ; Placeholder                # local_vars=10
TMP3146.int    ; Placeholder                # local_vars=10
TMP3147.int    ; Placeholder                # local_vars=10
TMP3148.int    ; Placeholder                # local_vars=10
TMP3149.int    ; Placeholder                # local_vars=10
TMP3150.int    ; Placeholder                # local_vars=10
TMP3151.int    ; Placeholder                # local_vars=10
TMP3152.int    ; Placeholder                # local_vars=10
TMP3153.int    ; Placeholder                # local_vars=10
TMP3154.int    ; Placeholder                # local_vars=10
TMP3155.int    ; Placeholder                # local_vars=10
TMP3156.int    ; Placeholder                # local_vars=10
TMP3157.int    ; Placeholder                # local_vars=10
TMP3158.int    ; Placeholder                # local_vars=10
TMP3159.int    ; Placeholder                # local_vars=10
TMP3160.int    ; Placeholder                # local_vars=10
TMP3161.int    ; Placeholder                # local_vars=10
TMP3162.int    ; Placeholder                # local_vars=10
TMP3163.int    ; Placeholder                # local_vars=10
TMP3164.int    ; Placeholder                # local_vars=10
TMP3165.int    ; Placeholder                # local_vars=10
TMP3166.int    ; Placeholder                # local_vars=10
TMP3167.int    ; Placeholder                # local_vars=10
TMP3168.int    ; Placeholder                # local_vars=10
TMP3169.int    ; Placeholder                # local_vars=10
TMP3170.int    ; Placeholder                # local_vars=10
TMP3171.int    ; Placeholder                # local_vars=10
TMP3172.int    ; Placeholder                # local_vars=10
TMP3173.int    ; Placeholder                # local_vars=10
TMP3174.int    ; Placeholder                # local_vars=10
TMP3175.int    ; Placeholder                # local_vars=10
TMP3176.int    ; Placeholder                # local_vars=10
TMP3177.int    ; Placeholder                # local_vars=10
TMP3178.int    ; Placeholder                # local_vars=10
TMP3179.int    ; Placeholder                # local_vars=10
TMP3180.int    ; Placeholder                # local_vars=10
TMP3181.int    ; Placeholder                # local_vars=10
TMP3182.int    ; Placeholder                # local_vars=10
TMP3183.int    ; Placeholder                # local_vars=10
TMP3184.int    ; Placeholder                # local_vars=10
TMP3185.int    ; Placeholder                # local_vars=10
TMP3186.int    ; Placeholder                # local_vars=10
TMP3187.int    ; Placeholder                # local_vars=10
TMP3188.int    ; Placeholder                # local_vars=10
TMP3189.int    ; Placeholder                # local_vars=10
TMP3190.int    ; Placeholder                # local_vars=10
TMP3191.int    ; Placeholder                # local_vars=10
TMP3192.int    ; Placeholder                # local_vars=10
TMP3193.int    ; Placeholder                # local_vars=10
TMP3194.int    ; Placeholder                # local_vars=10
TMP3195.int    ; Placeholder                # local_vars=10
TMP3196.int    ; Placeholder                # local_vars=10
TMP3197.int    ; Placeholder                # local_vars=10
TMP3198.int    ; Placeholder                # local_vars=10
TMP3199.int    ; Placeholder                # local_vars=10
TMP3200.int    ; Placeholder                # local_vars=10
TMP3201.int    ; Placeholder                # local_vars=10
TMP3202.int    ; Placeholder                # local_vars=10
TMP3203.int    ; Placeholder                # local_vars=10
TMP3204.int    ; Placeholder                # local_vars=10
TMP3205.int    ; Placeholder                # local_vars=10
TMP3206.int    ; Placeholder                # local_vars=10
TMP3207.int    ; Placeholder                # local_vars=10
TMP3208.int    ; Placeholder                # local_vars=10
TMP3209.int    ; Placeholder                # local_vars=10
TMP3210.int    ; Placeholder                # local_vars=10
TMP3211.int    ; Placeholder                # local_vars=10
TMP3212.int    ; Placeholder                # local_vars=10
TMP3213.int    ; Placeholder                # local_vars=10
TMP3214.int    ; Placeholder                # local_vars=10
TMP3215.int    ; Placeholder                # local_vars=10
TMP3216.int    ; Placeholder                # local_vars=10
TMP3217.int    ; Placeholder                # local_vars=10
TMP3218.int    ; Placeholder                # local_vars=10
TMP3219.int    ; Placeholder                # local_vars=10
TMP3220.int    ; Placeholder                # local_vars=10
TMP3221.int    ; Placeholder                # local_vars=10
TMP3222.int    ; Placeholder                # local_vars=10
TMP3223.int    ; Placeholder                # local_vars=10
TMP3224.int    ; Placeholder                # local_vars=10
TMP3225.int    ; Placeholder                # local_vars=10
TMP3226.int    ; Placeholder                # local_vars=10
TMP3227.int    ; Placeholder                # local_vars=10
TMP3228.int    ; Placeholder                # local_vars=10
TMP3229.int    ; Placeholder                # local_vars=10
TMP3230.int    ; Placeholder                # local_vars=10
TMP3231.int    ; Placeholder                # local_vars=10
TMP3232.int    ; Placeholder                # local_vars=10
TMP3233.int    ; Placeholder                # local_vars=10
TMP3234.int    ; Placeholder                # local_vars=10
TMP3235.int    ; Placeholder                # local_vars=10
TMP3236.int    ; Placeholder                # local_vars=10
TMP3237.int    ; Placeholder                # local_vars=10
TMP3238.int    ; Placeholder                # local_vars=10
TMP3239.int    ; Placeholder                # local_vars=10
TMP3240.int    ; Placeholder                # local_vars=10
TMP3241.int    ; Placeholder                # local_vars=10
TMP3242.int    ; Placeholder                # local_vars=10
TMP3243.int    ; Placeholder                # local_vars=10
TMP3244.int    ; Placeholder                # local_vars=10
TMP3245.int    ; Placeholder                # local_vars=10
TMP3246.int    ; Placeholder                # local_vars=10
TMP3247.int    ; Placeholder                # local_vars=10
TMP3248.int    ; Placeholder                # local_vars=10
TMP3249.int    ; Placeholder                # local_vars=10
TMP3250.int    ; Placeholder                # local_vars=10
TMP3251.int    ; Placeholder                # local_vars=10
TMP3252.int    ; Placeholder                # local_vars=10
TMP3253.int    ; Placeholder                # local_vars=10
TMP3254.int    ; Placeholder                # local_vars=10
TMP3255.int    ; Placeholder                # local_vars=10
TMP3256.int    ; Placeholder                # local_vars=10
TMP3257.int    ; Placeholder                # local_vars=10
TMP3258.int    ; Placeholder                # local_vars=10
TMP3259.int    ; Placeholder                # local_vars=10
TMP3260.int    ; Placeholder                # local_vars=10
TMP3261.int    ; Placeholder                # local_vars=10
TMP3262.int    ; Placeholder                # local_vars=10
TMP3263.int    ; Placeholder                # local_vars=10
TMP3264.int    ; Placeholder                # local_vars=10
TMP3265.int    ; Placeholder                # local_vars=10
TMP3266.int    ; Placeholder                # local_vars=10
TMP3267.int    ; Placeholder                # local_vars=10
TMP3268.int    ; Placeholder                # local_vars=10
TMP3269.int    ; Placeholder                # local_vars=10
TMP3270.int    ; Placeholder                # local_vars=10
TMP3271.int    ; Placeholder                # local_vars=10
TMP3272.int    ; Placeholder                # local_vars=10
TMP3273.int    ; Placeholder                # local_vars=10
TMP3274.int    ; Placeholder                # local_vars=10
TMP3275.int    ; Placeholder                # local_vars=10
TMP3276.int    ; Placeholder                # local_vars=10
TMP3277.int    ; Placeholder                # local_vars=10
TMP3278.int    ; Placeholder                # local_vars=10
TMP3279.int    ; Placeholder                # local_vars=10
TMP3280.int    ; Placeholder                # local_vars=10
TMP3281.int    ; Placeholder                # local_vars=10
TMP3282.int    ; Placeholder                # local_vars=10
TMP3283.int    ; Placeholder                # local_vars=10
TMP3284.int    ; Placeholder                # local_vars=10
TMP3285.int    ; Placeholder                # local_vars=10
TMP3286.int    ; Placeholder                # local_vars=10
TMP3287.int    ; Placeholder                # local_vars=10
TMP3288.int    ; Placeholder                # local_vars=10
TMP3289.int    ; Placeholder                # local_vars=10
TMP3290.int    ; Placeholder                # local_vars=10
TMP3291.int    ; Placeholder                # local_vars=10
TMP3292.int    ; Placeholder                # local_vars=10
TMP3293.int    ; Placeholder                # local_vars=10
TMP3294.int    ; Placeholder                # local_vars=10
TMP3295.int    ; Placeholder                # local_vars=10
TMP3296.int    ; Placeholder                # local_vars=10
TMP3297.int    ; Placeholder                # local_vars=10
TMP3298.int    ; Placeholder                # local_vars=10
TMP3299.int    ; Placeholder                # local_vars=10
TMP3300.int    ; Placeholder                # local_vars=10
TMP3301.int    ; Placeholder                # local_vars=10
TMP3302.int    ; Placeholder                # local_vars=10
TMP3303.int    ; Placeholder                # local_vars=10
TMP3304.int    ; Placeholder                # local_vars=10
TMP3305.int    ; Placeholder                # local_vars=10
TMP3306.int    ; Placeholder                # local_vars=10
TMP3307.int    ; Placeholder                # local_vars=10
TMP3308.int    ; Placeholder                # local_vars=10
TMP3309.int    ; Placeholder                # local_vars=10
TMP3310.int    ; Placeholder                # local_vars=10
TMP3311.int    ; Placeholder                # local_vars=10
TMP3312.int    ; Placeholder                # local_vars=10
TMP3313.int    ; Placeholder                # local_vars=10
TMP3314.int    ; Placeholder                # local_vars=10
TMP3315.int    ; Placeholder                # local_vars=10
TMP3316.int    ; Placeholder                # local_vars=10
TMP3317.int    ; Placeholder                # local_vars=10
TMP3318.int    ; Placeholder                # local_vars=10
TMP3319.int    ; Placeholder                # local_vars=10
TMP3320.int    ; Placeholder                # local_vars=10
TMP3321.int    ; Placeholder                # local_vars=10
TMP3322.int    ; Placeholder                # local_vars=10
TMP3323.int    ; Placeholder                # local_vars=10
TMP3324.int    ; Placeholder                # local_vars=10
TMP3325.int    ; Placeholder                # local_vars=10
TMP3326.int    ; Placeholder                # local_vars=10
TMP3327.int    ; Placeholder                # local_vars=10
TMP3328.int    ; Placeholder                # local_vars=10
TMP3329.int    ; Placeholder                # local_vars=10
TMP3330.int    ; Placeholder                # local_vars=10
TMP3331.int    ; Placeholder                # local_vars=10
TMP3332.int    ; Placeholder                # local_vars=10
TMP3333.int    ; Placeholder                # local_vars=10
TMP3334.int    ; Placeholder                # local_vars=10
TMP3335.int    ; Placeholder                # local_vars=10
TMP3336.int    ; Placeholder                # local_vars=10
TMP3337.int    ; Placeholder                # local_vars=10
TMP3338.int    ; Placeholder                # local_vars=10
TMP3339.int    ; Placeholder                # local_vars=10
TMP3340.int    ; Placeholder                # local_vars=10
TMP3341.int    ; Placeholder                # local_vars=10
TMP3342.int    ; Placeholder                # local_vars=10
TMP3343.int    ; Placeholder                # local_vars=10
TMP3344.int    ; Placeholder                # local_vars=10
TMP3345.int    ; Placeholder                # local_vars=10
TMP3346.int    ; Placeholder                # local_vars=10
TMP3347.int    ; Placeholder                # local_vars=10
TMP3348.int    ; Placeholder                # local_vars=10
TMP3349.int    ; Placeholder                # local_vars=10
TMP3350.int    ; Placeholder                # local_vars=10
TMP3351.int    ; Placeholder                # local_vars=10
TMP3352.int    ; Placeholder                # local_vars=10
TMP3353.int    ; Placeholder                # local_vars=10
TMP3354.int    ; Placeholder                # local_vars=10
TMP3355.int    ; Placeholder                # local_vars=10
TMP3356.int    ; Placeholder                # local_vars=10
TMP3357.int    ; Placeholder                # local_vars=10
TMP3358.int    ; Placeholder                # local_vars=10
TMP3359.int    ; Placeholder                # local_vars=10
TMP3360.int    ; Placeholder                # local_vars=10
TMP3361.int    ; Placeholder                # local_vars=10
TMP3362.int    ; Placeholder                # local_vars=10
TMP3363.int    ; Placeholder                # local_vars=10
TMP3364.int    ; Placeholder                # local_vars=10
TMP3365.int    ; Placeholder                # local_vars=10
TMP3366.int    ; Placeholder                # local_vars=10
TMP3367.int    ; Placeholder                # local_vars=10
TMP3368.int    ; Placeholder                # local_vars=10
TMP3369.int    ; Placeholder                # local_vars=10
TMP3370.int    ; Placeholder                # local_vars=10
TMP3371.int    ; Placeholder                # local_vars=10
TMP3372.int    ; Placeholder                # local_vars=10
TMP3373.int    ; Placeholder                # local_vars=10
TMP3374.int    ; Placeholder                # local_vars=10
TMP3375.int    ; Placeholder                # local_vars=10
TMP3376.int    ; Placeholder                # local_vars=10
TMP3377.int    ; Placeholder                # local_vars=10
TMP3378.int    ; Placeholder                # local_vars=10
TMP3379.int    ; Placeholder                # local_vars=10
TMP3380.int    ; Placeholder                # local_vars=10
TMP3381.int    ; Placeholder                # local_vars=10
TMP3382.int    ; Placeholder                # local_vars=10
TMP3383.int    ; Placeholder                # local_vars=10
TMP3384.int    ; Placeholder                # local_vars=10
TMP3385.int    ; Placeholder                # local_vars=10
TMP3386.int    ; Placeholder                # local_vars=10
TMP3387.int    ; Placeholder                # local_vars=10
TMP3388.int    ; Placeholder                # local_vars=10
TMP3389.int    ; Placeholder                # local_vars=10
TMP3390.int    ; Placeholder                # local_vars=10
TMP3391.int    ; Placeholder                # local_vars=10
TMP3392.int    ; Placeholder                # local_vars=10
TMP3393.int    ; Placeholder                # local_vars=10
TMP3394.int    ; Placeholder                # local_vars=10
TMP3395.int    ; Placeholder                # local_vars=10
TMP3396.int    ; Placeholder                # local_vars=10
TMP3397.int    ; Placeholder                # local_vars=10
TMP3398.int    ; Placeholder                # local_vars=10
TMP3399.int    ; Placeholder                # local_vars=10
TMP3400.int    ; Placeholder                # local_vars=10
TMP3401.int    ; Placeholder                # local_vars=10
TMP3402.int    ; Placeholder                # local_vars=10
TMP3403.int    ; Placeholder                # local_vars=10
TMP3404.int    ; Placeholder                # local_vars=10
TMP3405.int    ; Placeholder                # local_vars=10
TMP3406.int    ; Placeholder                # local_vars=10
TMP3407.int    ; Placeholder                # local_vars=10
TMP3408.int    ; Placeholder                # local_vars=10
TMP3409.int    ; Placeholder                # local_vars=10
TMP3410.int    ; Placeholder                # local_vars=10
TMP3411.int    ; Placeholder                # local_vars=10
TMP3412.int    ; Placeholder                # local_vars=10
TMP3413.int    ; Placeholder                # local_vars=10
TMP3414.int    ; Placeholder                # local_vars=10
TMP3415.int    ; Placeholder                # local_vars=10
TMP3416.int    ; Placeholder                # local_vars=10
TMP3417.int    ; Placeholder                # local_vars=10
TMP3418.int    ; Placeholder                # local_vars=10
TMP3419.int    ; Placeholder                # local_vars=10
TMP3420.int    ; Placeholder                # local_vars=10
TMP3421.int    ; Placeholder                # local_vars=10
TMP3422.int    ; Placeholder                # local_vars=10
TMP3423.int    ; Placeholder                # local_vars=10
TMP3424.int    ; Placeholder                # local_vars=10
TMP3425.int    ; Placeholder                # local_vars=10
TMP3426.int    ; Placeholder                # local_vars=10
TMP3427.int    ; Placeholder                # local_vars=10
TMP3428.int    ; Placeholder                # local_vars=10
TMP3429.int    ; Placeholder                # local_vars=10
TMP3430.int    ; Placeholder                # local_vars=10
TMP3431.int    ; Placeholder                # local_vars=10
TMP3432.int    ; Placeholder                # local_vars=10
TMP3433.int    ; Placeholder                # local_vars=10
TMP3434.int    ; Placeholder                # local_vars=10
TMP3435.int    ; Placeholder                # local_vars=10
TMP3436.int    ; Placeholder                # local_vars=10
TMP3437.int    ; Placeholder                # local_vars=10
TMP3438.int    ; Placeholder                # local_vars=10
TMP3439.int    ; Placeholder                # local_vars=10
TMP3440.int    ; Placeholder                # local_vars=10
TMP3441.int    ; Placeholder                # local_vars=10
TMP3442.int    ; Placeholder                # local_vars=10
TMP3443.int    ; Placeholder                # local_vars=10
TMP3444.int    ; Placeholder                # local_vars=10
TMP3445.int    ; Placeholder                # local_vars=10
TMP3446.int    ; Placeholder                # local_vars=10
TMP3447.int    ; Placeholder                # local_vars=10
TMP3448.int    ; Placeholder                # local_vars=10
TMP3449.int    ; Placeholder                # local_vars=10
TMP3450.int    ; Placeholder                # local_vars=10
TMP3451.int    ; Placeholder                # local_vars=10
TMP3452.int    ; Placeholder                # local_vars=10
TMP3453.int    ; Placeholder                # local_vars=10
TMP3454.int    ; Placeholder                # local_vars=10
TMP3455.int    ; Placeholder                # local_vars=10
TMP3456.int    ; Placeholder                # local_vars=10
TMP3457.int    ; Placeholder                # local_vars=10
TMP3458.int    ; Placeholder                # local_vars=10
TMP3459.int    ; Placeholder                # local_vars=10
TMP3460.int    ; Placeholder                # local_vars=10
TMP3461.int    ; Placeholder                # local_vars=10
TMP3462.int    ; Placeholder                # local_vars=10
TMP3463.int    ; Placeholder                # local_vars=10
TMP3464.int    ; Placeholder                # local_vars=10
TMP3465.int    ; Placeholder                # local_vars=10
TMP3466.int    ; Placeholder                # local_vars=10
TMP3467.int    ; Placeholder                # local_vars=10
TMP3468.int    ; Placeholder                # local_vars=10
TMP3469.int    ; Placeholder                # local_vars=10
TMP3470.int    ; Placeholder                # local_vars=10
TMP3471.int    ; Placeholder                # local_vars=10
TMP3472.int    ; Placeholder                # local_vars=10
TMP3473.int    ; Placeholder                # local_vars=10
TMP3474.int    ; Placeholder                # local_vars=10
TMP3475.int    ; Placeholder                # local_vars=10
TMP3476.int    ; Placeholder                # local_vars=10
TMP3477.int    ; Placeholder                # local_vars=10
TMP3478.int    ; Placeholder                # local_vars=10
TMP3479.int    ; Placeholder                # local_vars=10
TMP3480.int    ; Placeholder                # local_vars=10
TMP3481.int    ; Placeholder                # local_vars=10
TMP3482.int    ; Placeholder                # local_vars=10
TMP3483.int    ; Placeholder                # local_vars=10
TMP3484.int    ; Placeholder                # local_vars=10
TMP3485.int    ; Placeholder                # local_vars=10
TMP3486.int    ; Placeholder                # local_vars=10
TMP3487.int    ; Placeholder                # local_vars=10
TMP3488.int    ; Placeholder                # local_vars=10
TMP3489.int    ; Placeholder                # local_vars=10
TMP3490.int    ; Placeholder                # local_vars=10
TMP3491.int    ; Placeholder                # local_vars=10
TMP3492.int    ; Placeholder                # local_vars=10
TMP3493.int    ; Placeholder                # local_vars=10
TMP3494.int    ; Placeholder                # local_vars=10
TMP3495.int    ; Placeholder                # local_vars=10
TMP3496.int    ; Placeholder                # local_vars=10
TMP3497.int    ; Placeholder                # local_vars=10
TMP3498.int    ; Placeholder                # local_vars=10
TMP3499.int    ; Placeholder                # local_vars=10
TMP3500.int    ; Placeholder                # local_vars=10
TMP3501.int    ; Placeholder                # local_vars=10
TMP3502.int    ; Placeholder                # local_vars=10
TMP3503.int    ; Placeholder                # local_vars=10
TMP3504.int    ; Placeholder                # local_vars=10
TMP3505.int    ; Placeholder                # local_vars=10
TMP3506.int    ; Placeholder                # local_vars=10
TMP3507.int    ; Placeholder                # local_vars=10
TMP3508.int    ; Placeholder                # local_vars=10
TMP3509.int    ; Placeholder                # local_vars=10
TMP3510.int    ; Placeholder                # local_vars=10
TMP3511.int    ; Placeholder                # local_vars=10
TMP3512.int    ; Placeholder                # local_vars=10
TMP3513.int    ; Placeholder                # local_vars=10
TMP3514.int    ; Placeholder                # local_vars=10
TMP3515.int    ; Placeholder                # local_vars=10
TMP3516.int    ; Placeholder                # local_vars=10
TMP3517.int    ; Placeholder                # local_vars=10
TMP3518.int    ; Placeholder                # local_vars=10
TMP3519.int    ; Placeholder                # local_vars=10
TMP3520.int    ; Placeholder                # local_vars=10
TMP3521.int    ; Placeholder                # local_vars=10
TMP3522.int    ; Placeholder                # local_vars=10
TMP3523.int    ; Placeholder                # local_vars=10
TMP3524.int    ; Placeholder                # local_vars=10
TMP3525.int    ; Placeholder                # local_vars=10
TMP3526.int    ; Placeholder                # local_vars=10
TMP3527.int    ; Placeholder                # local_vars=10
TMP3528.int    ; Placeholder                # local_vars=10
TMP3529.int    ; Placeholder                # local_vars=10
TMP3530.int    ; Placeholder                # local_vars=10
TMP3531.int    ; Placeholder                # local_vars=10
TMP3532.int    ; Placeholder                # local_vars=10
TMP3533.int    ; Placeholder                # local_vars=10
TMP3534.int    ; Placeholder                # local_vars=10
TMP3535.int    ; Placeholder                # local_vars=10
TMP3536.int    ; Placeholder                # local_vars=10
TMP3537.int    ; Placeholder                # local_vars=10
TMP3538.int    ; Placeholder                # local_vars=10
TMP3539.int    ; Placeholder                # local_vars=10
TMP3540.int    ; Placeholder                # local_vars=10
TMP3541.int    ; Placeholder                # local_vars=10
TMP3542.int    ; Placeholder                # local_vars=10
TMP3543.int    ; Placeholder                # local_vars=10
TMP3544.int    ; Placeholder                # local_vars=10
TMP3545.int    ; Placeholder                # local_vars=10
TMP3546.int    ; Placeholder                # local_vars=10
TMP3547.int    ; Placeholder                # local_vars=10
TMP3548.int    ; Placeholder                # local_vars=10
TMP3549.int    ; Placeholder                # local_vars=10
TMP3550.int    ; Placeholder                # local_vars=10
TMP3551.int    ; Placeholder                # local_vars=10
TMP3552.int    ; Placeholder                # local_vars=10
TMP3553.int    ; Placeholder                # local_vars=10
TMP3554.int    ; Placeholder                # local_vars=10
TMP3555.int    ; Placeholder                # local_vars=10
TMP3556.int    ; Placeholder                # local_vars=10
TMP3557.int    ; Placeholder                # local_vars=10
TMP3558.int    ; Placeholder                # local_vars=10
TMP3559.int    ; Placeholder                # local_vars=10
TMP3560.int    ; Placeholder                # local_vars=10
TMP3561.int    ; Placeholder                # local_vars=10
TMP3562.int    ; Placeholder                # local_vars=10
TMP3563.int    ; Placeholder                # local_vars=10
TMP3564.int    ; Placeholder                # local_vars=10
TMP3565.int    ; Placeholder                # local_vars=10
TMP3566.int    ; Placeholder                # local_vars=10
TMP3567.int    ; Placeholder                # local_vars=10
TMP3568.int    ; Placeholder                # local_vars=10
TMP3569.int    ; Placeholder                # local_vars=10
TMP3570.int    ; Placeholder                # local_vars=10
TMP3571.int    ; Placeholder                # local_vars=10
TMP3572.int    ; Placeholder                # local_vars=10
TMP3573.int    ; Placeholder                # local_vars=10
TMP3574.int    ; Placeholder                # local_vars=10
TMP3575.int    ; Placeholder                # local_vars=10
TMP3576.int    ; Placeholder                # local_vars=10
TMP3577.int    ; Placeholder                # local_vars=10
TMP3578.int    ; Placeholder                # local_vars=10
TMP3579.int    ; Placeholder                # local_vars=10
TMP3580.int    ; Placeholder                # local_vars=10
TMP3581.int    ; Placeholder                # local_vars=10
TMP3582.int    ; Placeholder                # local_vars=10
TMP3583.int    ; Placeholder                # local_vars=10
TMP3584.int    ; Placeholder                # local_vars=10
TMP3585.int    ; Placeholder                # local_vars=10
TMP3586.int    ; Placeholder                # local_vars=10
TMP3587.int    ; Placeholder                # local_vars=10
TMP3588.int    ; Placeholder                # local_vars=10
TMP3589.int    ; Placeholder                # local_vars=10
TMP3590.int    ; Placeholder                # local_vars=10
TMP3591.int    ; Placeholder                # local_vars=10
TMP3592.int    ; Placeholder                # local_vars=10
TMP3593.int    ; Placeholder                # local_vars=10
TMP3594.int    ; Placeholder                # local_vars=10
TMP3595.int    ; Placeholder                # local_vars=10
TMP3596.int    ; Placeholder                # local_vars=10
TMP3597.int    ; Placeholder                # local_vars=10
TMP3598.int    ; Placeholder                # local_vars=10
TMP3599.int    ; Placeholder                # local_vars=10
TMP3600.int    ; Placeholder                # local_vars=10
TMP3601.int    ; Placeholder                # local_vars=10
TMP3602.int    ; Placeholder                # local_vars=10
TMP3603.int    ; Placeholder                # local_vars=10
TMP3604.int    ; Placeholder                # local_vars=10
TMP3605.int    ; Placeholder                # local_vars=10
TMP3606.int    ; Placeholder                # local_vars=10
TMP3607.int    ; Placeholder                # local_vars=10
TMP3608.int    ; Placeholder                # local_vars=10
TMP3609.int    ; Placeholder                # local_vars=10
TMP3610.int    ; Placeholder                # local_vars=10
TMP3611.int    ; Placeholder                # local_vars=10
TMP3612.int    ; Placeholder                # local_vars=10
TMP3613.int    ; Placeholder                # local_vars=10
TMP3614.int    ; Placeholder                # local_vars=10
TMP3615.int    ; Placeholder                # local_vars=10
TMP3616.int    ; Placeholder                # local_vars=10
TMP3617.int    ; Placeholder                # local_vars=10
TMP3618.int    ; Placeholder                # local_vars=10
TMP3619.int    ; Placeholder                # local_vars=10
TMP3620.int    ; Placeholder                # local_vars=10
TMP3621.int    ; Placeholder                # local_vars=10
TMP3622.int    ; Placeholder                # local_vars=10
TMP3623.int    ; Placeholder                # local_vars=10
TMP3624.int    ; Placeholder                # local_vars=10
TMP3625.int    ; Placeholder                # local_vars=10
TMP3626.int    ; Placeholder                # local_vars=10
TMP3627.int    ; Placeholder                # local_vars=10
TMP3628.int    ; Placeholder                # local_vars=10
TMP3629.int    ; Placeholder                # local_vars=10
TMP3630.int    ; Placeholder                # local_vars=10
TMP3631.int    ; Placeholder                # local_vars=10
TMP3632.int    ; Placeholder                # local_vars=10
TMP3633.int    ; Placeholder                # local_vars=10
TMP3634.int    ; Placeholder                # local_vars=10
TMP3635.int    ; Placeholder                # local_vars=10
TMP3636.int    ; Placeholder                # local_vars=10
TMP3637.int    ; Placeholder                # local_vars=10
TMP3638.int    ; Placeholder                # local_vars=10
TMP3639.int    ; Placeholder                # local_vars=10
TMP3640.int    ; Placeholder                # local_vars=10
TMP3641.int    ; Placeholder                # local_vars=10
TMP3642.int    ; Placeholder                # local_vars=10
TMP3643.int    ; Placeholder                # local_vars=10
TMP3644.int    ; Placeholder                # local_vars=10
TMP3645.int    ; Placeholder                # local_vars=10
TMP3646.int    ; Placeholder                # local_vars=10
TMP3647.int    ; Placeholder                # local_vars=10
TMP3648.int    ; Placeholder                # local_vars=10
TMP3649.int    ; Placeholder                # local_vars=10
TMP3650.int    ; Placeholder                # local_vars=10
TMP3651.int    ; Placeholder                # local_vars=10
TMP3652.int    ; Placeholder                # local_vars=10
TMP3653.int    ; Placeholder                # local_vars=10
TMP3654.int    ; Placeholder                # local_vars=10
TMP3655.int    ; Placeholder                # local_vars=10
TMP3656.int    ; Placeholder                # local_vars=10
TMP3657.int    ; Placeholder                # local_vars=10
TMP3658.int    ; Placeholder                # local_vars=10
TMP3659.int    ; Placeholder                # local_vars=10
TMP3660.int    ; Placeholder                # local_vars=10
TMP3661.int    ; Placeholder                # local_vars=10
TMP3662.int    ; Placeholder                # local_vars=10
TMP3663.int    ; Placeholder                # local_vars=10
TMP3664.int    ; Placeholder                # local_vars=10
TMP3665.int    ; Placeholder                # local_vars=10
TMP3666.int    ; Placeholder                # local_vars=10
TMP3667.int    ; Placeholder                # local_vars=10
TMP3668.int    ; Placeholder                # local_vars=10
TMP3669.int    ; Placeholder                # local_vars=10
TMP3670.int    ; Placeholder                # local_vars=10
TMP3671.int    ; Placeholder                # local_vars=10
TMP3672.int    ; Placeholder                # local_vars=10
TMP3673.int    ; Placeholder                # local_vars=10
TMP3674.int    ; Placeholder                # local_vars=10
TMP3675.int    ; Placeholder                # local_vars=10
TMP3676.int    ; Placeholder                # local_vars=10
TMP3677.int    ; Placeholder                # local_vars=10
TMP3678.int    ; Placeholder                # local_vars=10
TMP3679.int    ; Placeholder                # local_vars=10
TMP3680.int    ; Placeholder                # local_vars=10
TMP3681.int    ; Placeholder                # local_vars=10
TMP3682.int    ; Placeholder                # local_vars=10
TMP3683.int    ; Placeholder                # local_vars=10
TMP3684.int    ; Placeholder                # local_vars=10
TMP3685.int    ; Placeholder                # local_vars=10
TMP3686.int    ; Placeholder                # local_vars=10
TMP3687.int    ; Placeholder                # local_vars=10
TMP3688.int    ; Placeholder                # local_vars=10
TMP3689.int    ; Placeholder                # local_vars=10
TMP3690.int    ; Placeholder                # local_vars=10
TMP3691.int    ; Placeholder                # local_vars=10
TMP3692.int    ; Placeholder                # local_vars=10
TMP3693.int    ; Placeholder                # local_vars=10
TMP3694.int    ; Placeholder                # local_vars=10
TMP3695.int    ; Placeholder                # local_vars=10
TMP3696.int    ; Placeholder                # local_vars=10
TMP3697.int    ; Placeholder                # local_vars=10
TMP3698.int    ; Placeholder                # local_vars=10
TMP3699.int    ; Placeholder                # local_vars=10
TMP3700.int    ; Placeholder                # local_vars=10
TMP3701.int    ; Placeholder                # local_vars=10
TMP3702.int    ; Placeholder                # local_vars=10
TMP3703.int    ; Placeholder                # local_vars=10
TMP3704.int    ; Placeholder                # local_vars=10
TMP3705.int    ; Placeholder                # local_vars=10
TMP3706.int    ; Placeholder                # local_vars=10
TMP3707.int    ; Placeholder                # local_vars=10
TMP3708.int    ; Placeholder                # local_vars=10
TMP3709.int    ; Placeholder                # local_vars=10
TMP3710.int    ; Placeholder                # local_vars=10
TMP3711.int    ; Placeholder                # local_vars=10
TMP3712.int    ; Placeholder                # local_vars=10
TMP3713.int    ; Placeholder                # local_vars=10
TMP3714.int    ; Placeholder                # local_vars=10
TMP3715.int    ; Placeholder                # local_vars=10
TMP3716.int    ; Placeholder                # local_vars=10
TMP3717.int    ; Placeholder                # local_vars=10
TMP3718.int    ; Placeholder                # local_vars=10
TMP3719.int    ; Placeholder                # local_vars=10
TMP3720.int    ; Placeholder                # local_vars=10
TMP3721.int    ; Placeholder                # local_vars=10
TMP3722.int    ; Placeholder                # local_vars=10
TMP3723.int    ; Placeholder                # local_vars=10
TMP3724.int    ; Placeholder                # local_vars=10
TMP3725.int    ; Placeholder                # local_vars=10
TMP3726.int    ; Placeholder                # local_vars=10
TMP3727.int    ; Placeholder                # local_vars=10
TMP3728.int    ; Placeholder                # local_vars=10
TMP3729.int    ; Placeholder                # local_vars=10
TMP3730.int    ; Placeholder                # local_vars=10
TMP3731.int    ; Placeholder                # local_vars=10
TMP3732.int    ; Placeholder                # local_vars=10
TMP3733.int    ; Placeholder                # local_vars=10
TMP3734.int    ; Placeholder                # local_vars=10
TMP3735.int    ; Placeholder                # local_vars=10
TMP3736.int    ; Placeholder                # local_vars=10
TMP3737.int    ; Placeholder                # local_vars=10
TMP3738.int    ; Placeholder                # local_vars=10
TMP3739.int    ; Placeholder                # local_vars=10
TMP3740.int    ; Placeholder                # local_vars=10
TMP3741.int    ; Placeholder                # local_vars=10
TMP3742.int    ; Placeholder                # local_vars=10
TMP3743.int    ; Placeholder                # local_vars=10
TMP3744.int    ; Placeholder                # local_vars=10
TMP3745.int    ; Placeholder                # local_vars=10
TMP3746.int    ; Placeholder                # local_vars=10
TMP3747.int    ; Placeholder                # local_vars=10
TMP3748.int    ; Placeholder                # local_vars=10
TMP3749.int    ; Placeholder                # local_vars=10
TMP3750.int    ; Placeholder                # local_vars=10
TMP3751.int    ; Placeholder                # local_vars=10
TMP3752.int    ; Placeholder                # local_vars=10
TMP3753.int    ; Placeholder                # local_vars=10
TMP3754.int    ; Placeholder                # local_vars=10
TMP3755.int    ; Placeholder                # local_vars=10
TMP3756.int    ; Placeholder                # local_vars=10
TMP3757.int    ; Placeholder                # local_vars=10
TMP3758.int    ; Placeholder                # local_vars=10
TMP3759.int    ; Placeholder                # local_vars=10
TMP3760.int    ; Placeholder                # local_vars=10
TMP3761.int    ; Placeholder                # local_vars=10
TMP3762.int    ; Placeholder                # local_vars=10
TMP3763.int    ; Placeholder                # local_vars=10
TMP3764.int    ; Placeholder                # local_vars=10
TMP3765.int    ; Placeholder                # local_vars=10
TMP3766.int    ; Placeholder                # local_vars=10
TMP3767.int    ; Placeholder                # local_vars=10
TMP3768.int    ; Placeholder                # local_vars=10
TMP3769.int    ; Placeholder                # local_vars=10
TMP3770.int    ; Placeholder                # local_vars=10
TMP3771.int    ; Placeholder                # local_vars=10
TMP3772.int    ; Placeholder                # local_vars=10
TMP3773.int    ; Placeholder                # local_vars=10
TMP3774.int    ; Placeholder                # local_vars=10
TMP3775.int    ; Placeholder                # local_vars=10
TMP3776.int    ; Placeholder                # local_vars=10
TMP3777.int    ; Placeholder                # local_vars=10
TMP3778.int    ; Placeholder                # local_vars=10
TMP3779.int    ; Placeholder                # local_vars=10
TMP3780.int    ; Placeholder                # local_vars=10
TMP3781.int    ; Placeholder                # local_vars=10
TMP3782.int    ; Placeholder                # local_vars=10
TMP3783.int    ; Placeholder                # local_vars=10
TMP3784.int    ; Placeholder                # local_vars=10
TMP3785.int    ; Placeholder                # local_vars=10
TMP3786.int    ; Placeholder                # local_vars=10
TMP3787.int    ; Placeholder                # local_vars=10
TMP3788.int    ; Placeholder                # local_vars=10
TMP3789.int    ; Placeholder                # local_vars=10
TMP3790.int    ; Placeholder                # local_vars=10
TMP3791.int    ; Placeholder                # local_vars=10
TMP3792.int    ; Placeholder                # local_vars=10
TMP3793.int    ; Placeholder                # local_vars=10
TMP3794.int    ; Placeholder                # local_vars=10
TMP3795.int    ; Placeholder                # local_vars=10
TMP3796.int    ; Placeholder                # local_vars=10
TMP3797.int    ; Placeholder                # local_vars=10
TMP3798.int    ; Placeholder                # local_vars=10
TMP3799.int    ; Placeholder                # local_vars=10
TMP3800.int    ; Placeholder                # local_vars=10
TMP3801.int    ; Placeholder                # local_vars=10
TMP3802.int    ; Placeholder                # local_vars=10
TMP3803.int    ; Placeholder                # local_vars=10
TMP3804.int    ; Placeholder                # local_vars=10
TMP3805.int    ; Placeholder                # local_vars=10
TMP3806.int    ; Placeholder                # local_vars=10
TMP3807.int    ; Placeholder                # local_vars=10
TMP3808.int    ; Placeholder                # local_vars=10
TMP3809.int    ; Placeholder                # local_vars=10
TMP3810.int    ; Placeholder                # local_vars=10
TMP3811.int    ; Placeholder                # local_vars=10
TMP3812.int    ; Placeholder                # local_vars=10
TMP3813.int    ; Placeholder                # local_vars=10
TMP3814.int    ; Placeholder                # local_vars=10
TMP3815.int    ; Placeholder                # local_vars=10
TMP3816.int    ; Placeholder                # local_vars=10
TMP3817.int    ; Placeholder                # local_vars=10
TMP3818.int    ; Placeholder                # local_vars=10
TMP3819.int    ; Placeholder                # local_vars=10
TMP3820.int    ; Placeholder                # local_vars=10
TMP3821.int    ; Placeholder                # local_vars=10
TMP3822.int    ; Placeholder                # local_vars=10
TMP3823.int    ; Placeholder                # local_vars=10
TMP3824.int    ; Placeholder                # local_vars=10
TMP3825.int    ; Placeholder                # local_vars=10
TMP3826.int    ; Placeholder                # local_vars=10
TMP3827.int    ; Placeholder                # local_vars=10
TMP3828.int    ; Placeholder                # local_vars=10
TMP3829.int    ; Placeholder                # local_vars=10
TMP3830.int    ; Placeholder                # local_vars=10
TMP3831.int    ; Placeholder                # local_vars=10
TMP3832.int    ; Placeholder                # local_vars=10
TMP3833.int    ; Placeholder                # local_vars=10
TMP3834.int    ; Placeholder                # local_vars=10
TMP3835.int    ; Placeholder                # local_vars=10
TMP3836.int    ; Placeholder                # local_vars=10
TMP3837.int    ; Placeholder                # local_vars=10
TMP3838.int    ; Placeholder                # local_vars=10
TMP3839.int    ; Placeholder                # local_vars=10
TMP3840.int    ; Placeholder                # local_vars=10
TMP3841.int    ; Placeholder                # local_vars=10
TMP3842.int    ; Placeholder                # local_vars=10
TMP3843.int    ; Placeholder                # local_vars=10
TMP3844.int    ; Placeholder                # local_vars=10
TMP3845.int    ; Placeholder                # local_vars=10
TMP3846.int    ; Placeholder                # local_vars=10
TMP3847.int    ; Placeholder                # local_vars=10
TMP3848.int    ; Placeholder                # local_vars=10
TMP3849.int    ; Placeholder                # local_vars=10
TMP3850.int    ; Placeholder                # local_vars=10
TMP3851.int    ; Placeholder                # local_vars=10
TMP3852.int    ; Placeholder                # local_vars=10
TMP3853.int    ; Placeholder                # local_vars=10
TMP3854.int    ; Placeholder                # local_vars=10
TMP3855.int    ; Placeholder                # local_vars=10
TMP3856.int    ; Placeholder                # local_vars=10
TMP3857.int    ; Placeholder                # local_vars=10
TMP3858.int    ; Placeholder                # local_vars=10
TMP3859.int    ; Placeholder                # local_vars=10
TMP3860.int    ; Placeholder                # local_vars=10
TMP3861.int    ; Placeholder                # local_vars=10
TMP3862.int    ; Placeholder                # local_vars=10
TMP3863.int    ; Placeholder                # local_vars=10
TMP3864.int    ; Placeholder                # local_vars=10
TMP3865.int    ; Placeholder                # local_vars=10
TMP3866.int    ; Placeholder                # local_vars=10
TMP3867.int    ; Placeholder                # local_vars=10
TMP3868.int    ; Placeholder                # local_vars=10
TMP3869.int    ; Placeholder                # local_vars=10
TMP3870.int    ; Placeholder                # local_vars=10
TMP3871.int    ; Placeholder                # local_vars=10
TMP3872.int    ; Placeholder                # local_vars=10
TMP3873.int    ; Placeholder                # local_vars=10
TMP3874.int    ; Placeholder                # local_vars=10
TMP3875.int    ; Placeholder                # local_vars=10
TMP3876.int    ; Placeholder                # local_vars=10
TMP3877.int    ; Placeholder                # local_vars=10
TMP3878.int    ; Placeholder                # local_vars=10
TMP3879.int    ; Placeholder                # local_vars=10
TMP3880.int    ; Placeholder                # local_vars=10
TMP3881.int    ; Placeholder                # local_vars=10
TMP3882.int    ; Placeholder                # local_vars=10
TMP3883.int    ; Placeholder                # local_vars=10
TMP3884.int    ; Placeholder                # local_vars=10
TMP3885.int    ; Placeholder                # local_vars=10
TMP3886.int    ; Placeholder                # local_vars=10
TMP3887.int    ; Placeholder                # local_vars=10
TMP3888.int    ; Placeholder                # local_vars=10
TMP3889.int    ; Placeholder                # local_vars=10
TMP3890.int    ; Placeholder                # local_vars=10
TMP3891.int    ; Placeholder                # local_vars=10
TMP3892.int    ; Placeholder                # local_vars=10
TMP3893.int    ; Placeholder                # local_vars=10
TMP3894.int    ; Placeholder                # local_vars=10
TMP3895.int    ; Placeholder                # local_vars=10
TMP3896.int    ; Placeholder                # local_vars=10
TMP3897.int    ; Placeholder                # local_vars=10
TMP3898.int    ; Placeholder                # local_vars=10
TMP3899.int    ; Placeholder                # local_vars=10
TMP3900.int    ; Placeholder                # local_vars=10
TMP3901.int    ; Placeholder                # local_vars=10
TMP3902.int    ; Placeholder                # local_vars=10
TMP3903.int    ; Placeholder                # local_vars=10
TMP3904.int    ; Placeholder                # local_vars=10
TMP3905.int    ; Placeholder                # local_vars=10
TMP3906.int    ; Placeholder                # local_vars=10
TMP3907.int    ; Placeholder                # local_vars=10
TMP3908.int    ; Placeholder                # local_vars=10
TMP3909.int    ; Placeholder                # local_vars=10
TMP3910.int    ; Placeholder                # local_vars=10
TMP3911.int    ; Placeholder                # local_vars=10
TMP3912.int    ; Placeholder                # local_vars=10
TMP3913.int    ; Placeholder                # local_vars=10
TMP3914.int    ; Placeholder                # local_vars=10
TMP3915.int    ; Placeholder                # local_vars=10
TMP3916.int    ; Placeholder                # local_vars=10
TMP3917.int    ; Placeholder                # local_vars=10
TMP3918.int    ; Placeholder                # local_vars=10
TMP3919.int    ; Placeholder                # local_vars=10
TMP3920.int    ; Placeholder                # local_vars=10
TMP3921.int    ; Placeholder                # local_vars=10
TMP3922.int    ; Placeholder                # local_vars=10
TMP3923.int    ; Placeholder                # local_vars=10
TMP3924.int    ; Placeholder                # local_vars=10
TMP3925.int    ; Placeholder                # local_vars=10
TMP3926.int    ; Placeholder                # local_vars=10
TMP3927.int    ; Placeholder                # local_vars=10
TMP3928.int    ; Placeholder                # local_vars=10
TMP3929.int    ; Placeholder                # local_vars=10
TMP3930.int    ; Placeholder                # local_vars=10
TMP3931.int    ; Placeholder                # local_vars=10
TMP3932.int    ; Placeholder                # local_vars=10
TMP3933.int    ; Placeholder                # local_vars=10
TMP3934.int    ; Placeholder                # local_vars=10
TMP3935.int    ; Placeholder                # local_vars=10
TMP3936.int    ; Placeholder                # local_vars=10
TMP3937.int    ; Placeholder                # local_vars=10
TMP3938.int    ; Placeholder                # local_vars=10
TMP3939.int    ; Placeholder                # local_vars=10
TMP3940.int    ; Placeholder                # local_vars=10
TMP3941.int    ; Placeholder                # local_vars=10
TMP3942.int    ; Placeholder                # local_vars=10
TMP3943.int    ; Placeholder                # local_vars=10
TMP3944.int    ; Placeholder                # local_vars=10
TMP3945.int    ; Placeholder                # local_vars=10
TMP3946.int    ; Placeholder                # local_vars=10
TMP3947.int    ; Placeholder                # local_vars=10
TMP3948.int    ; Placeholder                # local_vars=10
TMP3949.int    ; Placeholder                # local_vars=10
TMP3950.int    ; Placeholder                # local_vars=10
TMP3951.int    ; Placeholder                # local_vars=10
TMP3952.int    ; Placeholder                # local_vars=10
TMP3953.int    ; Placeholder                # local_vars=10
TMP3954.int    ; Placeholder                # local_vars=10
TMP3955.int    ; Placeholder                # local_vars=10
TMP3956.int    ; Placeholder                # local_vars=10
TMP3957.int    ; Placeholder                # local_vars=10
TMP3958.int    ; Placeholder                # local_vars=10
TMP3959.int    ; Placeholder                # local_vars=10
TMP3960.int    ; Placeholder                # local_vars=10
TMP3961.int    ; Placeholder                # local_vars=10
TMP3962.int    ; Placeholder                # local_vars=10
TMP3963.int    ; Placeholder                # local_vars=10
TMP3964.int    ; Placeholder                # local_vars=10
TMP3965.int    ; Placeholder                # local_vars=10
TMP3966.int    ; Placeholder                # local_vars=10
TMP3967.int    ; Placeholder                # local_vars=10
TMP3968.int    ; Placeholder                # local_vars=10
TMP3969.int    ; Placeholder                # local_vars=10
TMP3970.int    ; Placeholder                # local_vars=10
TMP3971.int    ; Placeholder                # local_vars=10
TMP3972.int    ; Placeholder                # local_vars=10
TMP3973.int    ; Placeholder                # local_vars=10
TMP3974.int    ; Placeholder                # local_vars=10
TMP3975.int    ; Placeholder                # local_vars=10
TMP3976.int    ; Placeholder                # local_vars=10
TMP3977.int    ; Placeholder                # local_vars=10
TMP3978.int    ; Placeholder                # local_vars=10
TMP3979.int    ; Placeholder                # local_vars=10
TMP3980.int    ; Placeholder                # local_vars=10
TMP3981.int    ; Placeholder                # local_vars=10
TMP3982.int    ; Placeholder                # local_vars=10
TMP3983.int    ; Placeholder                # local_vars=10
TMP3984.int    ; Placeholder                # local_vars=10
TMP3985.int    ; Placeholder                # local_vars=10
TMP3986.int    ; Placeholder                # local_vars=10
TMP3987.int    ; Placeholder                # local_vars=10
TMP3988.int    ; Placeholder                # local_vars=10
TMP3989.int    ; Placeholder                # local_vars=10
TMP3990.int    ; Placeholder                # local_vars=10
TMP3991.int    ; Placeholder                # local_vars=10
TMP3992.int    ; Placeholder                # local_vars=10
TMP3993.int    ; Placeholder                # local_vars=10
TMP3994.int    ; Placeholder                # local_vars=10
TMP3995.int    ; Placeholder                # local_vars=10
TMP3996.int    ; Placeholder                # local_vars=10
TMP3997.int    ; Placeholder                # local_vars=10
TMP3998.int    ; Placeholder                # local_vars=10
TMP3999.int    ; Placeholder                # local_vars=10
TMP4000.int    ; Placeholder                # local_vars=10
TMP4001.int    ; Placeholder                # local_vars=10
TMP4002.int    ; Placeholder                # local_vars=10
TMP4003.int    ; Placeholder                # local_vars=10
TMP4004.int    ; Placeholder                # local_vars=10
TMP4005.int    ; Placeholder                # local_vars=10
TMP4006.int    ; Placeholder                # local_vars=10
TMP4007.int    ; Placeholder                # local_vars=10
TMP4008.int    ; Placeholder                # local_vars=10
TMP4009.int    ; Placeholder                # local_vars=10
TMP4010.int    ; Placeholder                # local_vars=10
TMP4011.int    ; Placeholder                # local_vars=10
TMP4012.int    ; Placeholder                # local_vars=10
TMP4013.int    ; Placeholder                # local_vars=10
TMP4014.int    ; Placeholder                # local_vars=10
TMP4015.int    ; Placeholder                # local_vars=10
TMP4016.int    ; Placeholder                # local_vars=10
TMP4017.int    ; Placeholder                # local_vars=10
TMP4018.int    ; Placeholder                # local_vars=10
TMP4019.int    ; Placeholder                # local_vars=10
TMP4020.int    ; Placeholder                # local_vars=10
TMP4021.int    ; Placeholder                # local_vars=10
TMP4022.int    ; Placeholder                # local_vars=10
TMP4023.int    ; Placeholder                # local_vars=10
TMP4024.int    ; Placeholder                # local_vars=10
TMP4025.int    ; Placeholder                # local_vars=10
TMP4026.int    ; Placeholder                # local_vars=10
TMP4027.int    ; Placeholder                # local_vars=10
TMP4028.int    ; Placeholder                # local_vars=10
TMP4029.int    ; Placeholder                # local_vars=10
TMP4030.int    ; Placeholder                # local_vars=10
TMP4031.int    ; Placeholder                # local_vars=10
TMP4032.int    ; Placeholder                # local_vars=10
TMP4033.int    ; Placeholder                # local_vars=10
TMP4034.int    ; Placeholder                # local_vars=10
TMP4035.int    ; Placeholder                # local_vars=10
TMP4036.int    ; Placeholder                # local_vars=10
TMP4037.int    ; Placeholder                # local_vars=10
TMP4038.int    ; Placeholder                # local_vars=10
TMP4039.int    ; Placeholder                # local_vars=10
TMP4040.int    ; Placeholder                # local_vars=10
TMP4041.int    ; Placeholder                # local_vars=10
TMP4042.int    ; Placeholder                # local_vars=10
TMP4043.int    ; Placeholder                # local_vars=10
TMP4044.int    ; Placeholder                # local_vars=10
TMP4045.int    ; Placeholder                # local_vars=10
TMP4046.int    ; Placeholder                # local_vars=10
TMP4047.int    ; Placeholder                # local_vars=10
TMP4048.int    ; Placeholder                # local_vars=10
TMP4049.int    ; Placeholder                # local_vars=10
TMP4050.int    ; Placeholder                # local_vars=10
TMP4051.int    ; Placeholder                # local_vars=10
TMP4052.int    ; Placeholder                # local_vars=10
TMP4053.int    ; Placeholder                # local_vars=10
TMP4054.int    ; Placeholder                # local_vars=10
TMP4055.int    ; Placeholder                # local_vars=10
TMP4056.int    ; Placeholder                # local_vars=10
TMP4057.int    ; Placeholder                # local_vars=10
TMP4058.int    ; Placeholder                # local_vars=10
TMP4059.int    ; Placeholder                # local_vars=10
TMP4060.int    ; Placeholder                # local_vars=10
TMP4061.int    ; Placeholder                # local_vars=10
TMP4062.int    ; Placeholder                # local_vars=10
TMP4063.int    ; Placeholder                # local_vars=10
TMP4064.int    ; Placeholder                # local_vars=10
TMP4065.int    ; Placeholder                # local_vars=10
TMP4066.int    ; Placeholder                # local_vars=10
TMP4067.int    ; Placeholder                # local_vars=10
TMP4068.int    ; Placeholder                # local_vars=10
TMP4069.int    ; Placeholder                # local_vars=10
TMP4070.int    ; Placeholder                # local_vars=10
TMP4071.int    ; Placeholder                # local_vars=10
TMP4072.int    ; Placeholder                # local_vars=10
TMP4073.int    ; Placeholder                # local_vars=10
TMP4074.int    ; Placeholder                # local_vars=10
TMP4075.int    ; Placeholder                # local_vars=10
TMP4076.int    ; Placeholder                # local_vars=10
TMP4077.int    ; Placeholder                # local_vars=10
TMP4078.int    ; Placeholder                # local_vars=10
TMP4079.int    ; Placeholder                # local_vars=10
TMP4080.int    ; Placeholder                # local_vars=10
TMP4081.int    ; Placeholder                # local_vars=10
TMP4082.int    ; Placeholder                # local_vars=10
TMP4083.int    ; Placeholder                # local_vars=10
TMP4084.int    ; Placeholder                # local_vars=10
TMP4085.int    ; Placeholder                # local_vars=10
TMP4086.int    ; Placeholder                # local_vars=10
TMP4087.int    ; Placeholder                # local_vars=10
TMP4088.int    ; Placeholder                # local_vars=10
TMP4089.int    ; Placeholder                # local_vars=10
TMP4090.int    ; Placeholder                # local_vars=10
TMP4091.int    ; Placeholder                # local_vars=10
TMP4092.int    ; Placeholder                # local_vars=10
TMP4093.int    ; Placeholder                # local_vars=10
TMP4094.int    ; Placeholder                # local_vars=10
TMP4095.int    ; Placeholder                # local_vars=10
TMP4096.int    ; Placeholder                # local_vars=10
TMP4097.int    ; Placeholder                # local_vars=10
TMP4098.int    ; Placeholder                # local_vars=10
TMP4099.int    ; Placeholder                # local_vars=10
TMP4100.int    ; Placeholder                # local_vars=10
TMP4101.int    ; Placeholder                # local_vars=10
TMP4102.int    ; Placeholder                # local_vars=10
TMP4103.int    ; Placeholder                # local_vars=10
TMP4104.int    ; Placeholder                # local_vars=10
TMP4105.int    ; Placeholder                # local_vars=10
TMP4106.int    ; Placeholder                # local_vars=10
TMP4107.int    ; Placeholder                # local_vars=10
TMP4108.int    ; Placeholder                # local_vars=10
TMP4109.int    ; Placeholder                # local_vars=10
TMP4110.int    ; Placeholder                # local_vars=10
TMP4111.int    ; Placeholder                # local_vars=10
TMP4112.int    ; Placeholder                # local_vars=10
TMP4113.int    ; Placeholder                # local_vars=10
TMP4114.int    ; Placeholder                # local_vars=10
TMP4115.int    ; Placeholder                # local_vars=10
TMP4116.int    ; Placeholder                # local_vars=10
TMP4117.int    ; Placeholder                # local_vars=10
TMP4118.int    ; Placeholder                # local_vars=10
TMP4119.int    ; Placeholder                # local_vars=10
TMP4120.int    ; Placeholder                # local_vars=10
TMP4121.int    ; Placeholder                # local_vars=10
TMP4122.int    ; Placeholder                # local_vars=10
TMP4123.int    ; Placeholder                # local_vars=10
TMP4124.int    ; Placeholder                # local_vars=10
TMP4125.int    ; Placeholder                # local_vars=10
TMP4126.int    ; Placeholder                # local_vars=10
TMP4127.int    ; Placeholder                # local_vars=10
TMP4128.int    ; Placeholder                # local_vars=10
TMP4129.int    ; Placeholder                # local_vars=10
TMP4130.int    ; Placeholder                # local_vars=10
TMP4131.int    ; Placeholder                # local_vars=10
TMP4132.int    ; Placeholder                # local_vars=10
TMP4133.int    ; Placeholder                # local_vars=10
TMP4134.int    ; Placeholder                # local_vars=10
TMP4135.int    ; Placeholder                # local_vars=10
TMP4136.int    ; Placeholder                # local_vars=10
TMP4137.int    ; Placeholder                # local_vars=10
TMP4138.int    ; Placeholder                # local_vars=10
TMP4139.int    ; Placeholder                # local_vars=10
TMP4140.int    ; Placeholder                # local_vars=10
TMP4141.int    ; Placeholder                # local_vars=10
TMP4142.int    ; Placeholder                # local_vars=10
TMP4143.int    ; Placeholder                # local_vars=10
TMP4144.int    ; Placeholder                # local_vars=10
TMP4145.int    ; Placeholder                # local_vars=10
TMP4146.int    ; Placeholder                # local_vars=10
TMP4147.int    ; Placeholder                # local_vars=10
TMP4148.int    ; Placeholder                # local_vars=10
TMP4149.int    ; Placeholder                # local_vars=10
TMP4150.int    ; Placeholder                # local_vars=10
TMP4151.int    ; Placeholder                # local_vars=10
TMP4152.int    ; Placeholder                # local_vars=10
TMP4153.int    ; Placeholder                # local_vars=10
TMP4154.int    ; Placeholder                # local_vars=10
TMP4155.int    ; Placeholder                # local_vars=10
TMP4156.int    ; Placeholder                # local_vars=10
TMP4157.int    ; Placeholder                # local_vars=10
TMP4158.int    ; Placeholder                # local_vars=10
TMP4159.int    ; Placeholder                # local_vars=10
TMP4160.int    ; Placeholder                # local_vars=10
TMP4161.int    ; Placeholder                # local_vars=10
TMP4162.int    ; Placeholder                # local_vars=10
TMP4163.int    ; Placeholder                # local_vars=10
TMP4164.int    ; Placeholder                # local_vars=10
TMP4165.int    ; Placeholder                # local_vars=10
TMP4166.int    ; Placeholder                # local_vars=10
TMP4167.int    ; Placeholder                # local_vars=10
TMP4168.int    ; Placeholder                # local_vars=10
TMP4169.int    ; Placeholder                # local_vars=10
TMP4170.int    ; Placeholder                # local_vars=10
TMP4171.int    ; Placeholder                # local_vars=10
TMP4172.int    ; Placeholder                # local_vars=10
TMP4173.int    ; Placeholder                # local_vars=10
TMP4174.int    ; Placeholder                # local_vars=10
TMP4175.int    ; Placeholder                # local_vars=10
TMP4176.int    ; Placeholder                # local_vars=10
TMP4177.int    ; Placeholder                # local_vars=10
TMP4178.int    ; Placeholder                # local_vars=10
TMP4179.int    ; Placeholder                # local_vars=10
TMP4180.int    ; Placeholder                # local_vars=10
TMP4181.int    ; Placeholder                # local_vars=10
TMP4182.int    ; Placeholder                # local_vars=10
TMP4183.int    ; Placeholder                # local_vars=10
TMP4184.int    ; Placeholder                # local_vars=10
TMP4185.int    ; Placeholder                # local_vars=10
TMP4186.int    ; Placeholder                # local_vars=10
TMP4187.int    ; Placeholder                # local_vars=10
TMP4188.int    ; Placeholder                # local_vars=10
TMP4189.int    ; Placeholder                # local_vars=10
TMP4190.int    ; Placeholder                # local_vars=10
TMP4191.int    ; Placeholder                # local_vars=10
TMP4192.int    ; Placeholder                # local_vars=10
TMP4193.int    ; Placeholder                # local_vars=10
TMP4194.int    ; Placeholder                # local_vars=10
TMP4195.int    ; Placeholder                # local_vars=10
TMP4196.int    ; Placeholder                # local_vars=10
TMP4197.int    ; Placeholder                # local_vars=10
TMP4198.int    ; Placeholder                # local_vars=10
TMP4199.int    ; Placeholder                # local_vars=10
TMP4200.int    ; Placeholder                # local_vars=10
TMP4201.int    ; Placeholder                # local_vars=10
TMP4202.int    ; Placeholder                # local_vars=10
TMP4203.int    ; Placeholder                # local_vars=10
TMP4204.int    ; Placeholder                # local_vars=10
TMP4205.int    ; Placeholder                # local_vars=10
TMP4206.int    ; Placeholder                # local_vars=10
TMP4207.int    ; Placeholder                # local_vars=10
TMP4208.int    ; Placeholder                # local_vars=10
TMP4209.int    ; Placeholder                # local_vars=10
TMP4210.int    ; Placeholder                # local_vars=10
TMP4211.int    ; Placeholder                # local_vars=10
TMP4212.int    ; Placeholder                # local_vars=10
TMP4213.int    ; Placeholder                # local_vars=10
TMP4214.int    ; Placeholder                # local_vars=10
TMP4215.int    ; Placeholder                # local_vars=10
TMP4216.int    ; Placeholder                # local_vars=10
TMP4217.int    ; Placeholder                # local_vars=10
TMP4218.int    ; Placeholder                # local_vars=10
TMP4219.int    ; Placeholder                # local_vars=10
TMP4220.int    ; Placeholder                # local_vars=10
TMP4221.int    ; Placeholder                # local_vars=10
TMP4222.int    ; Placeholder                # local_vars=10
TMP4223.int    ; Placeholder                # local_vars=10
TMP4224.int    ; Placeholder                # local_vars=10
TMP4225.int    ; Placeholder                # local_vars=10
TMP4226.int    ; Placeholder                # local_vars=10
TMP4227.int    ; Placeholder                # local_vars=10
TMP4228.int    ; Placeholder                # local_vars=10
TMP4229.int    ; Placeholder                # local_vars=10
TMP4230.int    ; Placeholder                # local_vars=10
TMP4231.int    ; Placeholder                # local_vars=10
TMP4232.int    ; Placeholder                # local_vars=10
TMP4233.int    ; Placeholder                # local_vars=10
TMP4234.int    ; Placeholder                # local_vars=10
TMP4235.int    ; Placeholder                # local_vars=10
TMP4236.int    ; Placeholder                # local_vars=10
TMP4237.int    ; Placeholder                # local_vars=10
TMP4238.int    ; Placeholder                # local_vars=10
TMP4239.int    ; Placeholder                # local_vars=10
TMP4240.int    ; Placeholder                # local_vars=10
TMP4241.int    ; Placeholder                # local_vars=10
TMP4242.int    ; Placeholder                # local_vars=10
TMP4243.int    ; Placeholder                # local_vars=10
TMP4244.int    ; Placeholder                # local_vars=10
TMP4245.int    ; Placeholder                # local_vars=10
TMP4246.int    ; Placeholder                # local_vars=10
TMP4247.int    ; Placeholder                # local_vars=10
TMP4248.int    ; Placeholder                # local_vars=10
TMP4249.int    ; Placeholder                # local_vars=10
TMP4250.int    ; Placeholder                # local_vars=10
TMP4251.int    ; Placeholder                # local_vars=10
TMP4252.int    ; Placeholder                # local_vars=10
TMP4253.int    ; Placeholder                # local_vars=10
TMP4254.int    ; Placeholder                # local_vars=10
TMP4255.int    ; Placeholder                # local_vars=10
TMP4256.int    ; Placeholder                # local_vars=10
TMP4257.int    ; Placeholder                # local_vars=10
TMP4258.int    ; Placeholder                # local_vars=10
TMP4259.int    ; Placeholder                # local_vars=10
TMP4260.int    ; Placeholder                # local_vars=10
TMP4261.int    ; Placeholder                # local_vars=10
TMP4262.int    ; Placeholder                # local_vars=10
TMP4263.int    ; Placeholder                # local_vars=10
TMP4264.int    ; Placeholder                # local_vars=10
TMP4265.int    ; Placeholder                # local_vars=10
TMP4266.int    ; Placeholder                # local_vars=10
TMP4267.int    ; Placeholder                # local_vars=10
TMP4268.int    ; Placeholder                # local_vars=10
TMP4269.int    ; Placeholder                # local_vars=10
TMP4270.int    ; Placeholder                # local_vars=10
TMP4271.int    ; Placeholder                # local_vars=10
TMP4272.int    ; Placeholder                # local_vars=10
TMP4273.int    ; Placeholder                # local_vars=10
TMP4274.int    ; Placeholder                # local_vars=10
TMP4275.int    ; Placeholder                # local_vars=10
TMP4276.int    ; Placeholder                # local_vars=10
TMP4277.int    ; Placeholder                # local_vars=10
TMP4278.int    ; Placeholder                # local_vars=10
TMP4279.int    ; Placeholder                # local_vars=10
TMP4280.int    ; Placeholder                # local_vars=10
TMP4281.int    ; Placeholder                # local_vars=10
TMP4282.int    ; Placeholder                # local_vars=10
TMP4283.int    ; Placeholder                # local_vars=10
TMP4284.int    ; Placeholder                # local_vars=10
TMP4285.int    ; Placeholder                # local_vars=10
TMP4286.int    ; Placeholder                # local_vars=10
TMP4287.int    ; Placeholder                # local_vars=10
TMP4288.int    ; Placeholder                # local_vars=10
TMP4289.int    ; Placeholder                # local_vars=10
TMP4290.int    ; Placeholder                # local_vars=10
TMP4291.int    ; Placeholder                # local_vars=10
TMP4292.int    ; Placeholder                # local_vars=10
TMP4293.int    ; Placeholder                # local_vars=10
TMP4294.int    ; Placeholder                # local_vars=10
TMP4295.int    ; Placeholder                # local_vars=10
TMP4296.int    ; Placeholder                # local_vars=10
TMP4297.int    ; Placeholder                # local_vars=10
TMP4298.int    ; Placeholder                # local_vars=10
TMP4299.int    ; Placeholder                # local_vars=10
TMP4300.int    ; Placeholder                # local_vars=10
TMP4301.int    ; Placeholder                # local_vars=10
TMP4302.int    ; Placeholder                # local_vars=10
TMP4303.int    ; Placeholder                # local_vars=10
TMP4304.int    ; Placeholder                # local_vars=10
TMP4305.int    ; Placeholder                # local_vars=10
TMP4306.int    ; Placeholder                # local_vars=10
TMP4307.int    ; Placeholder                # local_vars=10
TMP4308.int    ; Placeholder                # local_vars=10
TMP4309.int    ; Placeholder                # local_vars=10
TMP4310.int    ; Placeholder                # local_vars=10
TMP4311.int    ; Placeholder                # local_vars=10
TMP4312.int    ; Placeholder                # local_vars=10
TMP4313.int    ; Placeholder                # local_vars=10
TMP4314.int    ; Placeholder                # local_vars=10
TMP4315.int    ; Placeholder                # local_vars=10
TMP4316.int    ; Placeholder                # local_vars=10
TMP4317.int    ; Placeholder                # local_vars=10
TMP4318.int    ; Placeholder                # local_vars=10
TMP4319.int    ; Placeholder                # local_vars=10
TMP4320.int    ; Placeholder                # local_vars=10
TMP4321.int    ; Placeholder                # local_vars=10
TMP4322.int    ; Placeholder                # local_vars=10
TMP4323.int    ; Placeholder                # local_vars=10
TMP4324.int    ; Placeholder                # local_vars=10
TMP4325.int    ; Placeholder                # local_vars=10
TMP4326.int    ; Placeholder                # local_vars=10
TMP4327.int    ; Placeholder                # local_vars=10
TMP4328.int    ; Placeholder                # local_vars=10
TMP4329.int    ; Placeholder                # local_vars=10
TMP4330.int    ; Placeholder                # local_vars=10
TMP4331.int    ; Placeholder                # local_vars=10
TMP4332.int    ; Placeholder                # local_vars=10
TMP4333.int    ; Placeholder                # local_vars=10
TMP4334.int    ; Placeholder                # local_vars=10
TMP4335.int    ; Placeholder                # local_vars=10
TMP4336.int    ; Placeholder                # local_vars=10
TMP4337.int    ; Placeholder                # local_vars=10
TMP4338.int    ; Placeholder                # local_vars=10
TMP4339.int    ; Placeholder                # local_vars=10
TMP4340.int    ; Placeholder                # local_vars=10
TMP4341.int    ; Placeholder                # local_vars=10
TMP4342.int    ; Placeholder                # local_vars=10
TMP4343.int    ; Placeholder                # local_vars=10
TMP4344.int    ; Placeholder                # local_vars=10
TMP4345.int    ; Placeholder                # local_vars=10
TMP4346.int    ; Placeholder                # local_vars=10
TMP4347.int    ; Placeholder                # local_vars=10
TMP4348.int    ; Placeholder                # local_vars=10
TMP4349.int    ; Placeholder                # local_vars=10
TMP4350.int    ; Placeholder                # local_vars=10
TMP4351.int    ; Placeholder                # local_vars=10
TMP4352.int    ; Placeholder                # local_vars=10
TMP4353.int    ; Placeholder                # local_vars=10
TMP4354.int    ; Placeholder                # local_vars=10
TMP4355.int    ; Placeholder                # local_vars=10
TMP4356.int    ; Placeholder                # local_vars=10
TMP4357.int    ; Placeholder                # local_vars=10
TMP4358.int    ; Placeholder                # local_vars=10
TMP4359.int    ; Placeholder                # local_vars=10
TMP4360.int    ; Placeholder                # local_vars=10
TMP4361.int    ; Placeholder                # local_vars=10
TMP4362.int    ; Placeholder                # local_vars=10
TMP4363.int    ; Placeholder                # local_vars=10
TMP4364.int    ; Placeholder                # local_vars=10
TMP4365.int    ; Placeholder                # local_vars=10
TMP4366.int    ; Placeholder                # local_vars=10
TMP4367.int    ; Placeholder                # local_vars=10
TMP4368.int    ; Placeholder                # local_vars=10
TMP4369.int    ; Placeholder                # local_vars=10
TMP4370.int    ; Placeholder                # local_vars=10
TMP4371.int    ; Placeholder                # local_vars=10
TMP4372.int    ; Placeholder                # local_vars=10
TMP4373.int    ; Placeholder                # local_vars=10
TMP4374.int    ; Placeholder                # local_vars=10
TMP4375.int    ; Placeholder                # local_vars=10
TMP4376.int    ; Placeholder                # local_vars=10
TMP4377.int    ; Placeholder                # local_vars=10
TMP4378.int    ; Placeholder                # local_vars=10
TMP4379.int    ; Placeholder                # local_vars=10
TMP4380.int    ; Placeholder                # local_vars=10
TMP4381.int    ; Placeholder                # local_vars=10
TMP4382.int    ; Placeholder                # local_vars=10
TMP4383.int    ; Placeholder                # local_vars=10
TMP4384.int    ; Placeholder                # local_vars=10
TMP4385.int    ; Placeholder                # local_vars=10
TMP4386.int    ; Placeholder                # local_vars=10
TMP4387.int    ; Placeholder                # local_vars=10
TMP4388.int    ; Placeholder                # local_vars=10
TMP4389.int    ; Placeholder                # local_vars=10
TMP4390.int    ; Placeholder                # local_vars=10
TMP4391.int    ; Placeholder                # local_vars=10
TMP4392.int    ; Placeholder                # local_vars=10
TMP4393.int    ; Placeholder                # local_vars=10
TMP4394.int    ; Placeholder                # local_vars=10
TMP4395.int    ; Placeholder                # local_vars=10
TMP4396.int    ; Placeholder                # local_vars=10
TMP4397.int    ; Placeholder                # local_vars=10
TMP4398.int    ; Placeholder                # local_vars=10
TMP4399.int    ; Placeholder                # local_vars=10
TMP4400.int    ; Placeholder                # local_vars=10
TMP4401.int    ; Placeholder                # local_vars=10
TMP4402.int    ; Placeholder                # local_vars=10
TMP4403.int    ; Placeholder                # local_vars=10
TMP4404.int    ; Placeholder                # local_vars=10
TMP4405.int    ; Placeholder                # local_vars=10
TMP4406.int    ; Placeholder                # local_vars=10
TMP4407.int    ; Placeholder                # local_vars=10
TMP4408.int    ; Placeholder                # local_vars=10
TMP4409.int    ; Placeholder                # local_vars=10
TMP4410.int    ; Placeholder                # local_vars=10
TMP4411.int    ; Placeholder                # local_vars=10
TMP4412.int    ; Placeholder                # local_vars=10
TMP4413.int    ; Placeholder                # local_vars=10
TMP4414.int    ; Placeholder                # local_vars=10
TMP4415.int    ; Placeholder                # local_vars=10
TMP4416.int    ; Placeholder                # local_vars=10
TMP4417.int    ; Placeholder                # local_vars=10
TMP4418.int    ; Placeholder                # local_vars=10
TMP4419.int    ; Placeholder                # local_vars=10
TMP4420.int    ; Placeholder                # local_vars=10
TMP4421.int    ; Placeholder                # local_vars=10
TMP4422.int    ; Placeholder                # local_vars=10
TMP4423.int    ; Placeholder                # local_vars=10
TMP4424.int    ; Placeholder                # local_vars=10
TMP4425.int    ; Placeholder                # local_vars=10
TMP4426.int    ; Placeholder                # local_vars=10
TMP4427.int    ; Placeholder                # local_vars=10
TMP4428.int    ; Placeholder                # local_vars=10
TMP4429.int    ; Placeholder                # local_vars=10
TMP4430.int    ; Placeholder                # local_vars=10
TMP4431.int    ; Placeholder                # local_vars=10
TMP4432.int    ; Placeholder                # local_vars=10
TMP4433.int    ; Placeholder                # local_vars=10
TMP4434.int    ; Placeholder                # local_vars=10
TMP4435.int    ; Placeholder                # local_vars=10
TMP4436.int    ; Placeholder                # local_vars=10
TMP4437.int    ; Placeholder                # local_vars=10
TMP4438.int    ; Placeholder                # local_vars=10
TMP4439.int    ; Placeholder                # local_vars=10
TMP4440.int    ; Placeholder                # local_vars=10
TMP4441.int    ; Placeholder                # local_vars=10
TMP4442.int    ; Placeholder                # local_vars=10
TMP4443.int    ; Placeholder                # local_vars=10
TMP4444.int    ; Placeholder                # local_vars=10
TMP4445.int    ; Placeholder                # local_vars=10
TMP4446.int    ; Placeholder                # local_vars=10
TMP4447.int    ; Placeholder                # local_vars=10
TMP4448.int    ; Placeholder                # local_vars=10
TMP4449.int    ; Placeholder                # local_vars=10
TMP4450.int    ; Placeholder                # local_vars=10
TMP4451.int    ; Placeholder                # local_vars=10
TMP4452.int    ; Placeholder                # local_vars=10
TMP4453.int    ; Placeholder                # local_vars=10
TMP4454.int    ; Placeholder                # local_vars=10
TMP4455.int    ; Placeholder                # local_vars=10
TMP4456.int    ; Placeholder                # local_vars=10
TMP4457.int    ; Placeholder                # local_vars=10
TMP4458.int    ; Placeholder                # local_vars=10
TMP4459.int    ; Placeholder                # local_vars=10
TMP4460.int    ; Placeholder                # local_vars=10
TMP4461.int    ; Placeholder                # local_vars=10
TMP4462.int    ; Placeholder                # local_vars=10
TMP4463.int    ; Placeholder                # local_vars=10
TMP4464.int    ; Placeholder                # local_vars=10
TMP4465.int    ; Placeholder                # local_vars=10
TMP4466.int    ; Placeholder                # local_vars=10
TMP4467.int    ; Placeholder                # local_vars=10
TMP4468.int    ; Placeholder                # local_vars=10
TMP4469.int    ; Placeholder                # local_vars=10
TMP4470.int    ; Placeholder                # local_vars=10
TMP4471.int    ; Placeholder                # local_vars=10
TMP4472.int    ; Placeholder                # local_vars=10
TMP4473.int    ; Placeholder                # local_vars=10
TMP4474.int    ; Placeholder                # local_vars=10
TMP4475.int    ; Placeholder                # local_vars=10
TMP4476.int    ; Placeholder                # local_vars=10
TMP4477.int    ; Placeholder                # local_vars=10
TMP4478.int    ; Placeholder                # local_vars=10
TMP4479.int    ; Placeholder                # local_vars=10
TMP4480.int    ; Placeholder                # local_vars=10
TMP4481.int    ; Placeholder                # local_vars=10
TMP4482.int    ; Placeholder                # local_vars=10
TMP4483.int    ; Placeholder                # local_vars=10
TMP4484.int    ; Placeholder                # local_vars=10
TMP4485.int    ; Placeholder                # local_vars=10
TMP4486.int    ; Placeholder                # local_vars=10
TMP4487.int    ; Placeholder                # local_vars=10
TMP4488.int    ; Placeholder                # local_vars=10
TMP4489.int    ; Placeholder                # local_vars=10
TMP4490.int    ; Placeholder                # local_vars=10
TMP4491.int    ; Placeholder                # local_vars=10
TMP4492.int    ; Placeholder                # local_vars=10
TMP4493.int    ; Placeholder                # local_vars=10
TMP4494.int    ; Placeholder                # local_vars=10
TMP4495.int    ; Placeholder                # local_vars=10
TMP4496.int    ; Placeholder                # local_vars=10
TMP4497.int    ; Placeholder                # local_vars=10
TMP4498.int    ; Placeholder                # local_vars=10
TMP4499.int    ; Placeholder                # local_vars=10
TMP4500.int    ; Placeholder                # local_vars=10
TMP4501.int    ; Placeholder                # local_vars=10
TMP4502.int    ; Placeholder                # local_vars=10
TMP4503.int    ; Placeholder                # local_vars=10
TMP4504.int    ; Placeholder                # local_vars=10
TMP4505.int    ; Placeholder                # local_vars=10
TMP4506.int    ; Placeholder                # local_vars=10
TMP4507.int    ; Placeholder                # local_vars=10
TMP4508.int    ; Placeholder                # local_vars=10
TMP4509.int    ; Placeholder                # local_vars=10
TMP4510.int    ; Placeholder                # local_vars=10
TMP4511.int    ; Placeholder                # local_vars=10
TMP4512.int    ; Placeholder                # local_vars=10
TMP4513.int    ; Placeholder                # local_vars=10
TMP4514.int    ; Placeholder                # local_vars=10
TMP4515.int    ; Placeholder                # local_vars=10
TMP4516.int    ; Placeholder                # local_vars=10
TMP4517.int    ; Placeholder                # local_vars=10
TMP4518.int    ; Placeholder                # local_vars=10
TMP4519.int    ; Placeholder                # local_vars=10
TMP4520.int    ; Placeholder                # local_vars=10
TMP4521.int    ; Placeholder                # local_vars=10
TMP4522.int    ; Placeholder                # local_vars=10
TMP4523.int    ; Placeholder                # local_vars=10
TMP4524.int    ; Placeholder                # local_vars=10
TMP4525.int    ; Placeholder                # local_vars=10
TMP4526.int    ; Placeholder                # local_vars=10
TMP4527.int    ; Placeholder                # local_vars=10
TMP4528.int    ; Placeholder                # local_vars=10
TMP4529.int    ; Placeholder                # local_vars=10
TMP4530.int    ; Placeholder                # local_vars=10
TMP4531.int    ; Placeholder                # local_vars=10
TMP4532.int    ; Placeholder                # local_vars=10
TMP4533.int    ; Placeholder                # local_vars=10
TMP4534.int    ; Placeholder                # local_vars=10
TMP4535.int    ; Placeholder                # local_vars=10
TMP4536.int    ; Placeholder                # local_vars=10
TMP4537.int    ; Placeholder                # local_vars=10
TMP4538.int    ; Placeholder                # local_vars=10
TMP4539.int    ; Placeholder                # local_vars=10
TMP4540.int    ; Placeholder                # local_vars=10
TMP4541.int    ; Placeholder                # local_vars=10
TMP4542.int    ; Placeholder                # local_vars=10
TMP4543.int    ; Placeholder                # local_vars=10
TMP4544.int    ; Placeholder                # local_vars=10
TMP4545.int    ; Placeholder                # local_vars=10
TMP4546.int    ; Placeholder                # local_vars=10
TMP4547.int    ; Placeholder                # local_vars=10
TMP4548.int    ; Placeholder                # local_vars=10
TMP4549.int    ; Placeholder                # local_vars=10
TMP4550.int    ; Placeholder                # local_vars=10
TMP4551.int    ; Placeholder                # local_vars=10
TMP4552.int    ; Placeholder                # local_vars=10
TMP4553.int    ; Placeholder                # local_vars=10
TMP4554.int    ; Placeholder                # local_vars=10
TMP4555.int    ; Placeholder                # local_vars=10
TMP4556.int    ; Placeholder                # local_vars=10
TMP4557.int    ; Placeholder                # local_vars=10
TMP4558.int    ; Placeholder                # local_vars=10
TMP4559.int    ; Placeholder                # local_vars=10
TMP4560.int    ; Placeholder                # local_vars=10
TMP4561.int    ; Placeholder                # local_vars=10
TMP4562.int    ; Placeholder                # local_vars=10
TMP4563.int    ; Placeholder                # local_vars=10
TMP4564.int    ; Placeholder                # local_vars=10
TMP4565.int    ; Placeholder                # local_vars=10
TMP4566.int    ; Placeholder                # local_vars=10
TMP4567.int    ; Placeholder                # local_vars=10
TMP4568.int    ; Placeholder                # local_vars=10
TMP4569.int    ; Placeholder                # local_vars=10
TMP4570.int    ; Placeholder                # local_vars=10
TMP4571.int    ; Placeholder                # local_vars=10
TMP4572.int    ; Placeholder                # local_vars=10
TMP4573.int    ; Placeholder                # local_vars=10
TMP4574.int    ; Placeholder                # local_vars=10
TMP4575.int    ; Placeholder                # local_vars=10
TMP4576.int    ; Placeholder                # local_vars=10
TMP4577.int    ; Placeholder                # local_vars=10
TMP4578.int    ; Placeholder                # local_vars=10
TMP4579.int    ; Placeholder                # local_vars=10
TMP4580.int    ; Placeholder                # local_vars=10
TMP4581.int    ; Placeholder                # local_vars=10
TMP4582.int    ; Placeholder                # local_vars=10
TMP4583.int    ; Placeholder                # local_vars=10
TMP4584.int    ; Placeholder                # local_vars=10
TMP4585.int    ; Placeholder                # local_vars=10
TMP4586.int    ; Placeholder                # local_vars=10
TMP4587.int    ; Placeholder                # local_vars=10
TMP4588.int    ; Placeholder                # local_vars=10
TMP4589.int    ; Placeholder                # local_vars=10
TMP4590.int    ; Placeholder                # local_vars=10
TMP4591.int    ; Placeholder                # local_vars=10
TMP4592.int    ; Placeholder                # local_vars=10
TMP4593.int    ; Placeholder                # local_vars=10
TMP4594.int    ; Placeholder                # local_vars=10
TMP4595.int    ; Placeholder                # local_vars=10
TMP4596.int    ; Placeholder                # local_vars=10
TMP4597.int    ; Placeholder                # local_vars=10
TMP4598.int    ; Placeholder                # local_vars=10
TMP4599.int    ; Placeholder                # local_vars=10
TMP4600.int    ; Placeholder                # local_vars=10
TMP4601.int    ; Placeholder                # local_vars=10
TMP4602.int    ; Placeholder                # local_vars=10
TMP4603.int    ; Placeholder                # local_vars=10
TMP4604.int    ; Placeholder                # local_vars=10
TMP4605.int    ; Placeholder                # local_vars=10
TMP4606.int    ; Placeholder                # local_vars=10
TMP4607.int    ; Placeholder                # local_vars=10
TMP4608.int    ; Placeholder                # local_vars=10
TMP4609.int    ; Placeholder                # local_vars=10
TMP4610.int    ; Placeholder                # local_vars=10
TMP4611.int    ; Placeholder                # local_vars=10
TMP4612.int    ; Placeholder                # local_vars=10
TMP4613.int    ; Placeholder                # local_vars=10
TMP4614.int    ; Placeholder                # local_vars=10
TMP4615.int    ; Placeholder                # local_vars=10
TMP4616.int    ; Placeholder                # local_vars=10
TMP4617.int    ; Placeholder                # local_vars=10
TMP4618.int    ; Placeholder                # local_vars=10
TMP4619.int    ; Placeholder                # local_vars=10
TMP4620.int    ; Placeholder                # local_vars=10
TMP4621.int    ; Placeholder                # local_vars=10
TMP4622.int    ; Placeholder                # local_vars=10
TMP4623.int    ; Placeholder                # local_vars=10
TMP4624.int    ; Placeholder                # local_vars=10
TMP4625.int    ; Placeholder                # local_vars=10
TMP4626.int    ; Placeholder                # local_vars=10
TMP4627.int    ; Placeholder                # local_vars=10
TMP4628.int    ; Placeholder                # local_vars=10
TMP4629.int    ; Placeholder                # local_vars=10
TMP4630.int    ; Placeholder                # local_vars=10
TMP4631.int    ; Placeholder                # local_vars=10
TMP4632.int    ; Placeholder                # local_vars=10
TMP4633.int    ; Placeholder                # local_vars=10
TMP4634.int    ; Placeholder                # local_vars=10
TMP4635.int    ; Placeholder                # local_vars=10
TMP4636.int    ; Placeholder                # local_vars=10
TMP4637.int    ; Placeholder                # local_vars=10
TMP4638.int    ; Placeholder                # local_vars=10
TMP4639.int    ; Placeholder                # local_vars=10
TMP4640.int    ; Placeholder                # local_vars=10
TMP4641.int    ; Placeholder                # local_vars=10
TMP4642.int    ; Placeholder                # local_vars=10
TMP4643.int    ; Placeholder                # local_vars=10
TMP4644.int    ; Placeholder                # local_vars=10
TMP4645.int    ; Placeholder                # local_vars=10
TMP4646.int    ; Placeholder                # local_vars=10
TMP4647.int    ; Placeholder                # local_vars=10
TMP4648.int    ; Placeholder                # local_vars=10
TMP4649.int    ; Placeholder                # local_vars=10
TMP4650.int    ; Placeholder                # local_vars=10
TMP4651.int    ; Placeholder                # local_vars=10
TMP4652.int    ; Placeholder                # local_vars=10
TMP4653.int    ; Placeholder                # local_vars=10
TMP4654.int    ; Placeholder                # local_vars=10
TMP4655.int    ; Placeholder                # local_vars=10
TMP4656.int    ; Placeholder                # local_vars=10
TMP4657.int    ; Placeholder                # local_vars=10
TMP4658.int    ; Placeholder                # local_vars=10
TMP4659.int    ; Placeholder                # local_vars=10
TMP4660.int    ; Placeholder                # local_vars=10
TMP4661.int    ; Placeholder                # local_vars=10
TMP4662.int    ; Placeholder                # local_vars=10
TMP4663.int    ; Placeholder                # local_vars=10
TMP4664.int    ; Placeholder                # local_vars=10
TMP4665.int    ; Placeholder                # local_vars=10
TMP4666.int    ; Placeholder                # local_vars=10
TMP4667.int    ; Placeholder                # local_vars=10
TMP4668.int    ; Placeholder                # local_vars=10
TMP4669.int    ; Placeholder                # local_vars=10
TMP4670.int    ; Placeholder                # local_vars=10
TMP4671.int    ; Placeholder                # local_vars=10
TMP4672.int    ; Placeholder                # local_vars=10
TMP4673.int    ; Placeholder                # local_vars=10
TMP4674.int    ; Placeholder                # local_vars=10
TMP4675.int    ; Placeholder                # local_vars=10
TMP4676.int    ; Placeholder                # local_vars=10
TMP4677.int    ; Placeholder                # local_vars=10
TMP4678.int    ; Placeholder                # local_vars=10
TMP4679.int    ; Placeholder                # local_vars=10
TMP4680.int    ; Placeholder                # local_vars=10
TMP4681.int    ; Placeholder                # local_vars=10
TMP4682.int    ; Placeholder                # local_vars=10
TMP4683.int    ; Placeholder                # local_vars=10
TMP4684.int    ; Placeholder                # local_vars=10
TMP4685.int    ; Placeholder                # local_vars=10
TMP4686.int    ; Placeholder                # local_vars=10
TMP4687.int    ; Placeholder                # local_vars=10
TMP4688.int    ; Placeholder                # local_vars=10
TMP4689.int    ; Placeholder                # local_vars=10
TMP4690.int    ; Placeholder                # local_vars=10
TMP4691.int    ; Placeholder                # local_vars=10
TMP4692.int    ; Placeholder                # local_vars=10
TMP4693.int    ; Placeholder                # local_vars=10
TMP4694.int    ; Placeholder                # local_vars=10
TMP4695.int    ; Placeholder                # local_vars=10
TMP4696.int    ; Placeholder                # local_vars=10
TMP4697.int    ; Placeholder                # local_vars=10
TMP4698.int    ; Placeholder                # local_vars=10
TMP4699.int    ; Placeholder                # local_vars=10
TMP4700.int    ; Placeholder                # local_vars=10
TMP4701.int    ; Placeholder                # local_vars=10
TMP4702.int    ; Placeholder                # local_vars=10
TMP4703.int    ; Placeholder                # local_vars=10
TMP4704.int    ; Placeholder                # local_vars=10
TMP4705.int    ; Placeholder                # local_vars=10
TMP4706.int    ; Placeholder                # local_vars=10
TMP4707.int    ; Placeholder                # local_vars=10
TMP4708.int    ; Placeholder                # local_vars=10
TMP4709.int    ; Placeholder                # local_vars=10
TMP4710.int    ; Placeholder                # local_vars=10
TMP4711.int    ; Placeholder                # local_vars=10
TMP4712.int    ; Placeholder                # local_vars=10
TMP4713.int    ; Placeholder                # local_vars=10
TMP4714.int    ; Placeholder                # local_vars=10
TMP4715.int    ; Placeholder                # local_vars=10
TMP4716.int    ; Placeholder                # local_vars=10
TMP4717.int    ; Placeholder                # local_vars=10
TMP4718.int    ; Placeholder                # local_vars=10
TMP4719.int    ; Placeholder                # local_vars=10
TMP4720.int    ; Placeholder                # local_vars=10
TMP4721.int    ; Placeholder                # local_vars=10
TMP4722.int    ; Placeholder                # local_vars=10
TMP4723.int    ; Placeholder                # local_vars=10
TMP4724.int    ; Placeholder                # local_vars=10
TMP4725.int    ; Placeholder                # local_vars=10
TMP4726.int    ; Placeholder                # local_vars=10
TMP4727.int    ; Placeholder                # local_vars=10
TMP4728.int    ; Placeholder                # local_vars=10
TMP4729.int    ; Placeholder                # local_vars=10
TMP4730.int    ; Placeholder                # local_vars=10
TMP4731.int    ; Placeholder                # local_vars=10
TMP4732.int    ; Placeholder                # local_vars=10
TMP4733.int    ; Placeholder                # local_vars=10
TMP4734.int    ; Placeholder                # local_vars=10
TMP4735.int    ; Placeholder                # local_vars=10
TMP4736.int    ; Placeholder                # local_vars=10
TMP4737.int    ; Placeholder                # local_vars=10
TMP4738.int    ; Placeholder                # local_vars=10
TMP4739.int    ; Placeholder                # local_vars=10
TMP4740.int    ; Placeholder                # local_vars=10
TMP4741.int    ; Placeholder                # local_vars=10
TMP4742.int    ; Placeholder                # local_vars=10
TMP4743.int    ; Placeholder                # local_vars=10
TMP4744.int    ; Placeholder                # local_vars=10
TMP4745.int    ; Placeholder                # local_vars=10
TMP4746.int    ; Placeholder                # local_vars=10
TMP4747.int    ; Placeholder                # local_vars=10
TMP4748.int    ; Placeholder                # local_vars=10
TMP4749.int    ; Placeholder                # local_vars=10
TMP4750.int    ; Placeholder                # local_vars=10
TMP4751.int    ; Placeholder                # local_vars=10
TMP4752.int    ; Placeholder                # local_vars=10
TMP4753.int    ; Placeholder                # local_vars=10
TMP4754.int    ; Placeholder                # local_vars=10
TMP4755.int    ; Placeholder                # local_vars=10
TMP4756.int    ; Placeholder                # local_vars=10
TMP4757.int    ; Placeholder                # local_vars=10
TMP4758.int    ; Placeholder                # local_vars=10
TMP4759.int    ; Placeholder                # local_vars=10
TMP4760.int    ; Placeholder                # local_vars=10
TMP4761.int    ; Placeholder                # local_vars=10
TMP4762.int    ; Placeholder                # local_vars=10
TMP4763.int    ; Placeholder                # local_vars=10
TMP4764.int    ; Placeholder                # local_vars=10
TMP4765.int    ; Placeholder                # local_vars=10
TMP4766.int    ; Placeholder                # local_vars=10
TMP4767.int    ; Placeholder                # local_vars=10
TMP4768.int    ; Placeholder                # local_vars=10
TMP4769.int    ; Placeholder                # local_vars=10
TMP4770.int    ; Placeholder                # local_vars=10
TMP4771.int    ; Placeholder                # local_vars=10
TMP4772.int    ; Placeholder                # local_vars=10
TMP4773.int    ; Placeholder                # local_vars=10
TMP4774.int    ; Placeholder                # local_vars=10
TMP4775.int    ; Placeholder                # local_vars=10
TMP4776.int    ; Placeholder                # local_vars=10
TMP4777.int    ; Placeholder                # local_vars=10
TMP4778.int    ; Placeholder                # local_vars=10
TMP4779.int    ; Placeholder                # local_vars=10
TMP4780.int    ; Placeholder                # local_vars=10
TMP4781.int    ; Placeholder                # local_vars=10
TMP4782.int    ; Placeholder                # local_vars=10
TMP4783.int    ; Placeholder                # local_vars=10
TMP4784.int    ; Placeholder                # local_vars=10
TMP4785.int    ; Placeholder                # local_vars=10
TMP4786.int    ; Placeholder                # local_vars=10
TMP4787.int    ; Placeholder                # local_vars=10
TMP4788.int    ; Placeholder                # local_vars=10
TMP4789.int    ; Placeholder                # local_vars=10
TMP4790.int    ; Placeholder                # local_vars=10
TMP4791.int    ; Placeholder                # local_vars=10
TMP4792.int    ; Placeholder                # local_vars=10
TMP4793.int    ; Placeholder                # local_vars=10
TMP4794.int    ; Placeholder                # local_vars=10
TMP4795.int    ; Placeholder                # local_vars=10
TMP4796.int    ; Placeholder                # local_vars=10
TMP4797.int    ; Placeholder                # local_vars=10
TMP4798.int    ; Placeholder                # local_vars=10
TMP4799.int    ; Placeholder                # local_vars=10
TMP4800.int    ; Placeholder                # local_vars=10
TMP4801.int    ; Placeholder                # local_vars=10
TMP4802.int    ; Placeholder                # local_vars=10
TMP4803.int    ; Placeholder                # local_vars=10
TMP4804.int    ; Placeholder                # local_vars=10
TMP4805.int    ; Placeholder                # local_vars=10
TMP4806.int    ; Placeholder                # local_vars=10
TMP4807.int    ; Placeholder                # local_vars=10
TMP4808.int    ; Placeholder                # local_vars=10
TMP4809.int    ; Placeholder                # local_vars=10
TMP4810.int    ; Placeholder                # local_vars=10
TMP4811.int    ; Placeholder                # local_vars=10
TMP4812.int    ; Placeholder                # local_vars=10
TMP4813.int    ; Placeholder                # local_vars=10
TMP4814.int    ; Placeholder                # local_vars=10
TMP4815.int    ; Placeholder                # local_vars=10
TMP4816.int    ; Placeholder                # local_vars=10
TMP4817.int    ; Placeholder                # local_vars=10
TMP4818.int    ; Placeholder                # local_vars=10
TMP4819.int    ; Placeholder                # local_vars=10
TMP4820.int    ; Placeholder                # local_vars=10
TMP4821.int    ; Placeholder                # local_vars=10
TMP4822.int    ; Placeholder                # local_vars=10
TMP4823.int    ; Placeholder                # local_vars=10
TMP4824.int    ; Placeholder                # local_vars=10
TMP4825.int    ; Placeholder                # local_vars=10
TMP4826.int    ; Placeholder                # local_vars=10
TMP4827.int    ; Placeholder                # local_vars=10
TMP4828.int    ; Placeholder                # local_vars=10
TMP4829.int    ; Placeholder                # local_vars=10
TMP4830.int    ; Placeholder                # local_vars=10
TMP4831.int    ; Placeholder                # local_vars=10
TMP4832.int    ; Placeholder                # local_vars=10
TMP4833.int    ; Placeholder                # local_vars=10
TMP4834.int    ; Placeholder                # local_vars=10
TMP4835.int    ; Placeholder                # local_vars=10
TMP4836.int    ; Placeholder                # local_vars=10
TMP4837.int    ; Placeholder                # local_vars=10
TMP4838.int    ; Placeholder                # local_vars=10
TMP4839.int    ; Placeholder                # local_vars=10
TMP4840.int    ; Placeholder                # local_vars=10
TMP4841.int    ; Placeholder                # local_vars=10
TMP4842.int    ; Placeholder                # local_vars=10
TMP4843.int    ; Placeholder                # local_vars=10
TMP4844.int    ; Placeholder                # local_vars=10
TMP4845.int    ; Placeholder                # local_vars=10
TMP4846.int    ; Placeholder                # local_vars=10
TMP4847.int    ; Placeholder                # local_vars=10
TMP4848.int    ; Placeholder                # local_vars=10
TMP4849.int    ; Placeholder                # local_vars=10
TMP4850.int    ; Placeholder                # local_vars=10
TMP4851.int    ; Placeholder                # local_vars=10
TMP4852.int    ; Placeholder                # local_vars=10
TMP4853.int    ; Placeholder                # local_vars=10
TMP4854.int    ; Placeholder                # local_vars=10
TMP4855.int    ; Placeholder                # local_vars=10
TMP4856.int    ; Placeholder                # local_vars=10
TMP4857.int    ; Placeholder                # local_vars=10
TMP4858.int    ; Placeholder                # local_vars=10
TMP4859.int    ; Placeholder                # local_vars=10
TMP4860.int    ; Placeholder                # local_vars=10
TMP4861.int    ; Placeholder                # local_vars=10
TMP4862.int    ; Placeholder                # local_vars=10
TMP4863.int    ; Placeholder                # local_vars=10
TMP4864.int    ; Placeholder                # local_vars=10
TMP4865.int    ; Placeholder                # local_vars=10
TMP4866.int    ; Placeholder                # local_vars=10
TMP4867.int    ; Placeholder                # local_vars=10
TMP4868.int    ; Placeholder                # local_vars=10
TMP4869.int    ; Placeholder                # local_vars=10
TMP4870.int    ; Placeholder                # local_vars=10
TMP4871.int    ; Placeholder                # local_vars=10
TMP4872.int    ; Placeholder                # local_vars=10
TMP4873.int    ; Placeholder                # local_vars=10
TMP4874.int    ; Placeholder                # local_vars=10
TMP4875.int    ; Placeholder                # local_vars=10
TMP4876.int    ; Placeholder                # local_vars=10
TMP4877.int    ; Placeholder                # local_vars=10
TMP4878.int    ; Placeholder                # local_vars=10
TMP4879.int    ; Placeholder                # local_vars=10
TMP4880.int    ; Placeholder                # local_vars=10
TMP4881.int    ; Placeholder                # local_vars=10
TMP4882.int    ; Placeholder                # local_vars=10
TMP4883.int    ; Placeholder                # local_vars=10
TMP4884.int    ; Placeholder                # local_vars=10
TMP4885.int    ; Placeholder                # local_vars=10
TMP4886.int    ; Placeholder                # local_vars=10
TMP4887.int    ; Placeholder                # local_vars=10
TMP4888.int    ; Placeholder                # local_vars=10
TMP4889.int    ; Placeholder                # local_vars=10
TMP4890.int    ; Placeholder                # local_vars=10
TMP4891.int    ; Placeholder                # local_vars=10
TMP4892.int    ; Placeholder                # local_vars=10
TMP4893.int    ; Placeholder                # local_vars=10
TMP4894.int    ; Placeholder                # local_vars=10
TMP4895.int    ; Placeholder                # local_vars=10
TMP4896.int    ; Placeholder                # local_vars=10
TMP4897.int    ; Placeholder                # local_vars=10
TMP4898.int    ; Placeholder                # local_vars=10
TMP4899.int    ; Placeholder                # local_vars=10
TMP4900.int    ; Placeholder                # local_vars=10
TMP4901.int    ; Placeholder                # local_vars=10
TMP4902.int    ; Placeholder                # local_vars=10
TMP4903.int    ; Placeholder                # local_vars=10
TMP4904.int    ; Placeholder                # local_vars=10
TMP4905.int    ; Placeholder                # local_vars=10
TMP4906.int    ; Placeholder                # local_vars=10
TMP4907.int    ; Placeholder                # local_vars=10
TMP4908.int    ; Placeholder                # local_vars=10
TMP4909.int    ; Placeholder                # local_vars=10
TMP4910.int    ; Placeholder                # local_vars=10
TMP4911.int    ; Placeholder                # local_vars=10
TMP4912.int    ; Placeholder                # local_vars=10
TMP4913.int    ; Placeholder                # local_vars=10
TMP4914.int    ; Placeholder                # local_vars=10
TMP4915.int    ; Placeholder                # local_vars=10
TMP4916.int    ; Placeholder                # local_vars=10
TMP4917.int    ; Placeholder                # local_vars=10
TMP4918.int    ; Placeholder                # local_vars=10
TMP4919.int    ; Placeholder                # local_vars=10
TMP4920.int    ; Placeholder                # local_vars=10
TMP4921.int    ; Placeholder                # local_vars=10
TMP4922.int    ; Placeholder                # local_vars=10
TMP4923.int    ; Placeholder                # local_vars=10
TMP4924.int    ; Placeholder                # local_vars=10
TMP4925.int    ; Placeholder                # local_vars=10
TMP4926.int    ; Placeholder                # local_vars=10
TMP4927.int    ; Placeholder                # local_vars=10
TMP4928.int    ; Placeholder                # local_vars=10
TMP4929.int    ; Placeholder                # local_vars=10
TMP4930.int    ; Placeholder                # local_vars=10
TMP4931.int    ; Placeholder                # local_vars=10
TMP4932.int    ; Placeholder                # local_vars=10
TMP4933.int    ; Placeholder                # local_vars=10
TMP4934.int    ; Placeholder                # local_vars=10
TMP4935.int    ; Placeholder                # local_vars=10
TMP4936.int    ; Placeholder                # local_vars=10
TMP4937.int    ; Placeholder                # local_vars=10
TMP4938.int    ; Placeholder                # local_vars=10
TMP4939.int    ; Placeholder                # local_vars=10
TMP4940.int    ; Placeholder                # local_vars=10
TMP4941.int    ; Placeholder                # local_vars=10
TMP4942.int    ; Placeholder                # local_vars=10
TMP4943.int    ; Placeholder                # local_vars=10
TMP4944.int    ; Placeholder                # local_vars=10
TMP4945.int    ; Placeholder                # local_vars=10
TMP4946.int    ; Placeholder                # local_vars=10
TMP4947.int    ; Placeholder                # local_vars=10
TMP4948.int    ; Placeholder                # local_vars=10
TMP4949.int    ; Placeholder                # local_vars=10
TMP4950.int    ; Placeholder                # local_vars=10
TMP4951.int    ; Placeholder                # local_vars=10
TMP4952.int    ; Placeholder                # local_vars=10
TMP4953.int    ; Placeholder                # local_vars=10
TMP4954.int    ; Placeholder                # local_vars=10
TMP4955.int    ; Placeholder                # local_vars=10
TMP4956.int    ; Placeholder                # local_vars=10
TMP4957.int    ; Placeholder                # local_vars=10
TMP4958.int    ; Placeholder                # local_vars=10
TMP4959.int    ; Placeholder                # local_vars=10
TMP4960.int    ; Placeholder                # local_vars=10
TMP4961.int    ; Placeholder                # local_vars=10
TMP4962.int    ; Placeholder                # local_vars=10
TMP4963.int    ; Placeholder                # local_vars=10
TMP4964.int    ; Placeholder                # local_vars=10
TMP4965.int    ; Placeholder                # local_vars=10
TMP4966.int    ; Placeholder                # local_vars=10
TMP4967.int    ; Placeholder                # local_vars=10
TMP4968.int    ; Placeholder                # local_vars=10
TMP4969.int    ; Placeholder                # local_vars=10
TMP4970.int    ; Placeholder                # local_vars=10
TMP4971.int    ; Placeholder                # local_vars=10
TMP4972.int    ; Placeholder                # local_vars=10
TMP4973.int    ; Placeholder                # local_vars=10
TMP4974.int    ; Placeholder                # local_vars=10
TMP4975.int    ; Placeholder                # local_vars=10
TMP4976.int    ; Placeholder                # local_vars=10
TMP4977.int    ; Placeholder                # local_vars=10
TMP4978.int    ; Placeholder                # local_vars=10
TMP4979.int    ; Placeholder                # local_vars=10
TMP4980.int    ; Placeholder                # local_vars=10
TMP4981.int    ; Placeholder                # local_vars=10
TMP4982.int    ; Placeholder                # local_vars=10
TMP4983.int    ; Placeholder                # local_vars=10
TMP4984.int    ; Placeholder                # local_vars=10
TMP4985.int    ; Placeholder                # local_vars=10
TMP4986.int    ; Placeholder                # local_vars=10
TMP4987.int    ; Placeholder                # local_vars=10
TMP4988.int    ; Placeholder                # local_vars=10
TMP4989.int    ; Placeholder                # local_vars=10
TMP4990.int    ; Placeholder                # local_vars=10
TMP4991.int    ; Placeholder                # local_vars=10
TMP4992.int    ; Placeholder                # local_vars=10
TMP4993.int    ; Placeholder                # local_vars=10
TMP4994.int    ; Placeholder                # local_vars=10
TMP4995.int    ; Placeholder                # local_vars=10
TMP4996.int    ; Placeholder                # local_vars=10
TMP4997.int    ; Placeholder                # local_vars=10
TMP4998.int    ; Placeholder                # local_vars=10
TMP4999.int    ; Placeholder                # local_vars=10
TMP5000.int    ; Placeholder                # local_vars=10
